-- phpMyAdmin SQL Dump
-- version 5.2.1
-- https://www.phpmyadmin.net/
--
-- Host: 127.0.0.1
-- Waktu pembuatan: 08 Bulan Mei 2024 pada 08.49
-- Versi server: 10.4.28-MariaDB
-- Versi PHP: 8.1.17

SET SQL_MODE = "NO_AUTO_VALUE_ON_ZERO";
START TRANSACTION;
SET time_zone = "+00:00";


/*!40101 SET @OLD_CHARACTER_SET_CLIENT=@@CHARACTER_SET_CLIENT */;
/*!40101 SET @OLD_CHARACTER_SET_RESULTS=@@CHARACTER_SET_RESULTS */;
/*!40101 SET @OLD_COLLATION_CONNECTION=@@COLLATION_CONNECTION */;
/*!40101 SET NAMES utf8mb4 */;

--
-- Database: `spk_penerima_bantuan`
--

-- --------------------------------------------------------

--
-- Struktur dari tabel `failed_jobs`
--

CREATE TABLE `failed_jobs` (
  `id` bigint(20) UNSIGNED NOT NULL,
  `uuid` varchar(255) NOT NULL,
  `connection` text NOT NULL,
  `queue` text NOT NULL,
  `payload` longtext NOT NULL,
  `exception` longtext NOT NULL,
  `failed_at` timestamp NOT NULL DEFAULT current_timestamp()
) ENGINE=InnoDB DEFAULT CHARSET=utf8mb4 COLLATE=utf8mb4_unicode_ci;

-- --------------------------------------------------------

--
-- Struktur dari tabel `kriteria`
--

CREATE TABLE `kriteria` (
  `id` bigint(20) UNSIGNED NOT NULL,
  `kode` varchar(10) NOT NULL,
  `nama` varchar(255) NOT NULL,
  `bobot` double(8,4) DEFAULT NULL,
  `jenis` varchar(255) NOT NULL,
  `deskripsi` varchar(255) DEFAULT NULL,
  `created_at` timestamp NULL DEFAULT NULL,
  `updated_at` timestamp NULL DEFAULT NULL
) ENGINE=InnoDB DEFAULT CHARSET=utf8mb4 COLLATE=utf8mb4_unicode_ci;

--
-- Dumping data untuk tabel `kriteria`
--

INSERT INTO `kriteria` (`id`, `kode`, `nama`, `bobot`, `jenis`, `deskripsi`, `created_at`, `updated_at`) VALUES
(1, 'C1', 'Penghasilan', 0.2929, 'Cost', NULL, '2024-04-23 07:19:40', '2024-04-23 09:25:39'),
(2, 'C2', 'Kondisi Rumah', 0.1929, 'Cost', NULL, '2024-04-23 07:19:40', '2024-04-23 09:25:39'),
(3, 'C3', 'Khusus 2', 0.1429, 'Benefit', 'Seorang ibu yang sudah tidak memiliki suami (janda) dan memiliki anak yang masih menyelesaikan wajib belajar selama 12 tahun', '2024-04-23 07:19:40', '2024-04-23 09:25:39'),
(4, 'C4', 'Jenis Pekerjaan', 0.1096, 'Cost', NULL, '2024-04-23 07:19:40', '2024-04-23 09:25:39'),
(5, 'C5', 'Umur', 0.0846, 'Benefit', NULL, '2024-04-23 07:19:40', '2024-04-23 09:25:39'),
(6, 'C6', 'Khusus 3', 0.0646, 'Benefit', 'Calon penerima bantuan merupakan seorang penyandang disabilitas', '2024-04-23 07:19:40', '2024-04-23 09:25:39'),
(7, 'C7', 'Khusus 1', 0.0479, 'Benefit', 'Calon penerima bantuan yang memiliki anggota keluarga lanjut usia yang diutamakan berumur diatas 60 tahun', '2024-04-23 07:19:40', '2024-04-23 09:25:39'),
(8, 'C8', 'Jumlah Tanggungan', 0.0336, 'Benefit', NULL, '2024-04-23 07:19:40', '2024-04-23 09:25:39'),
(9, 'C9', 'Sumber Air', 0.0211, 'Cost', NULL, '2024-04-23 07:19:40', '2024-04-23 09:25:39'),
(10, 'C10', 'Pendidikan', 0.0100, 'Cost', NULL, '2024-04-23 07:19:40', '2024-04-23 09:25:39');

-- --------------------------------------------------------

--
-- Struktur dari tabel `masyarakat`
--

CREATE TABLE `masyarakat` (
  `id` bigint(20) UNSIGNED NOT NULL,
  `nama` varchar(255) NOT NULL,
  `hubungan_keluarga` varchar(20) NOT NULL,
  `nilai_s` double(8,4) DEFAULT NULL,
  `nilai_v` double(8,8) DEFAULT NULL,
  `created_at` timestamp NULL DEFAULT NULL,
  `updated_at` timestamp NULL DEFAULT NULL
) ENGINE=InnoDB DEFAULT CHARSET=utf8mb4 COLLATE=utf8mb4_unicode_ci;

--
-- Dumping data untuk tabel `masyarakat`
--

INSERT INTO `masyarakat` (`id`, `nama`, `hubungan_keluarga`, `nilai_s`, `nilai_v`, `created_at`, `updated_at`) VALUES
(1, 'Agung Ayu Tanggal', 'Istri', 1.6172, 0.00680398, '2024-04-23 07:19:40', '2024-04-23 07:19:54'),
(2, 'Agung Bagus Mei Antara', 'Kepala Keluarga', 2.0894, 0.00879046, '2024-04-23 07:19:41', '2024-04-23 07:19:54'),
(3, 'Agung Putu Alit Widana', 'Orang Tua', 2.9852, 0.01255905, '2024-04-23 07:19:41', '2024-04-23 07:19:54'),
(4, 'Agung Putu Anggil Alfandi', 'Kepala Keluarga', 0.9256, 0.00389422, '2024-04-23 07:19:41', '2024-04-23 07:19:54'),
(5, 'Agung Putu Lepi Diana Putra', 'Anak', 1.9009, 0.00799714, '2024-04-23 07:19:41', '2024-04-23 07:19:54'),
(6, 'Ardi Surya Dharma', 'Anak', 1.3657, 0.00574549, '2024-04-23 07:19:41', '2024-04-23 07:19:54'),
(7, 'Desak Ayu Putu Lestari', 'Istri', 1.9254, 0.00810055, '2024-04-23 07:19:41', '2024-04-23 07:19:54'),
(8, 'Dewa Geda Susrawan', 'Anak', 1.8034, 0.00758719, '2024-04-23 07:19:41', '2024-04-23 07:19:54'),
(9, 'Dewa Ketut Sukertayasa', 'Kepala Keluarga', 1.4084, 0.00592531, '2024-04-23 07:19:41', '2024-04-23 07:19:54'),
(10, 'Dewa Made Adhiatmika', 'Anak', 1.9009, 0.00799714, '2024-04-23 07:19:41', '2024-04-23 07:19:54'),
(11, 'Dewa Made Alit', 'Kepala Keluarga', 1.9429, 0.00817424, '2024-04-23 07:19:41', '2024-04-23 07:19:54'),
(12, 'Dewa Nyoman Wandra', 'Kepala Keluarga', 2.3437, 0.00986040, '2024-04-23 07:19:41', '2024-04-23 07:19:54'),
(13, 'Dewa Nyoman Widana', 'Kepala Keluarga', 1.0439, 0.00439176, '2024-04-23 07:19:41', '2024-04-23 07:19:54'),
(14, 'Dewa Nyoman Widana', 'Kepala Keluarga', 1.1247, 0.00473191, '2024-04-23 07:19:41', '2024-04-23 07:19:54'),
(15, 'Dewa Putu Sugita', 'Kepala Keluarga', 0.9196, 0.00386883, '2024-04-23 07:19:41', '2024-04-23 07:19:54'),
(16, 'Erniati Basa', 'Kepala Keluarga', 1.9025, 0.00800394, '2024-04-23 07:19:41', '2024-04-23 07:19:54'),
(17, 'Gede Arya Mahardika', 'Kepala Keluarga', 1.9909, 0.00837577, '2024-04-23 07:19:41', '2024-04-23 07:19:54'),
(18, 'Gede Febriyan', 'Anak', 1.8034, 0.00758719, '2024-04-23 07:19:41', '2024-04-23 07:19:54'),
(19, 'Gede Sumada', 'Kepala Keluarga', 1.0439, 0.00439176, '2024-04-23 07:19:41', '2024-04-23 07:19:54'),
(20, 'Gede Tirta Masdiasa', 'Anak', 1.8034, 0.00758719, '2024-04-23 07:19:41', '2024-04-23 07:19:54'),
(21, 'Gede Yuda Prayana', 'Kepala Keluarga', 0.9754, 0.00410363, '2024-04-23 07:19:41', '2024-04-23 07:19:54'),
(22, 'Gurun Luh Nadi', 'Orang Tua', 2.4623, 0.01035940, '2024-04-23 07:19:41', '2024-04-23 07:19:54'),
(23, 'Gusti Kade Darmawan', 'Kepala Keluarga', 1.1998, 0.00504755, '2024-04-23 07:19:41', '2024-04-23 07:19:54'),
(24, 'Gusti Komang Arianto', 'Kepala Keluarga', 0.9007, 0.00378918, '2024-04-23 07:19:41', '2024-04-23 07:19:54'),
(25, 'Gusti Komang Wirta', 'Kepala Keluarga', 1.3362, 0.00562157, '2024-04-23 07:19:41', '2024-04-23 07:19:54'),
(26, 'Gusti Putu Swastika', 'Kepala Keluarga', 1.0439, 0.00439176, '2024-04-23 07:19:41', '2024-04-23 07:19:54'),
(27, 'I Gede Agus Darma Santoso', 'Anak', 1.8034, 0.00758719, '2024-04-23 07:19:41', '2024-04-23 07:19:54'),
(28, 'I Gede Arya Sumada', 'Kepala Keluarga', 1.1751, 0.00494363, '2024-04-23 07:19:41', '2024-04-23 07:19:54'),
(29, 'I Gede Kerta Wira', 'Kepala Keluarga', 1.2560, 0.00528432, '2024-04-23 07:19:41', '2024-04-23 07:19:54'),
(30, 'I Gede Satria Wibawa', 'Kepala Keluarga', 0.9256, 0.00389422, '2024-04-23 07:19:41', '2024-04-23 07:19:54'),
(31, 'I Gede Subanda', 'Kepala Keluarga', 2.0032, 0.00842779, '2024-04-23 07:19:41', '2024-04-23 07:19:54'),
(32, 'I Gede Sudarta', 'Kepala Keluarga', 1.0214, 0.00429717, '2024-04-23 07:19:41', '2024-04-23 07:19:54'),
(33, 'I Gede Sumada', 'Kepala Keluarga', 1.3326, 0.00560639, '2024-04-23 07:19:41', '2024-04-23 07:19:54'),
(34, 'I Gede Suranta', 'Kepala Keluarga', 2.0914, 0.00879891, '2024-04-23 07:19:41', '2024-04-23 07:19:54'),
(35, 'I Gusti Agung Komang Dener', 'Kepala Keluarga', 1.5552, 0.00654283, '2024-04-23 07:19:41', '2024-04-23 07:19:54'),
(36, 'I Gusti Komang Sunarto', 'Kepala Keluarga', 1.1887, 0.00500109, '2024-04-23 07:19:41', '2024-04-23 07:19:54'),
(37, 'I Gusti Putu Yudhi Hendrawan', 'Anak', 1.0536, 0.00443268, '2024-04-23 07:19:41', '2024-04-23 07:19:54'),
(38, 'I Kadek Agus Suardiyasa', 'Kepala Keluarga', 1.3839, 0.00582228, '2024-04-23 07:19:41', '2024-04-23 07:19:54'),
(39, 'I Kadek Agus Wibawa', 'Anak', 1.9009, 0.00799714, '2024-04-23 07:19:41', '2024-04-23 07:19:54'),
(40, 'I Kadek Ardika', 'Kepala Keluarga', 1.0439, 0.00439176, '2024-04-23 07:19:41', '2024-04-23 07:19:54'),
(41, 'I Kadek Ari Wardana', 'Anak', 1.9009, 0.00799714, '2024-04-23 07:19:41', '2024-04-23 07:19:54'),
(42, 'I Kadek Artayasa', 'Anak', 2.0290, 0.00853616, '2024-04-23 07:19:41', '2024-04-23 07:19:54'),
(43, 'I Kadek Darmayasa', 'Anak', 1.7433, 0.00733423, '2024-04-23 07:19:41', '2024-04-23 07:19:54'),
(44, 'I Kadek Oki Agustina', 'Anak', 1.0643, 0.00447766, '2024-04-23 07:19:41', '2024-04-23 07:19:54'),
(45, 'I Kadek Radika', 'Anak', 1.9009, 0.00799714, '2024-04-23 07:19:41', '2024-04-23 07:19:54'),
(46, 'I Kadek Suardika', 'Kepala Keluarga', 1.0614, 0.00446543, '2024-04-23 07:19:41', '2024-04-23 07:19:54'),
(47, 'I Ketut Gede Suarmawan', 'Kepala Keluarga', 1.3850, 0.00582707, '2024-04-23 07:19:41', '2024-04-23 07:19:54'),
(48, 'I Ketut Jelantik', 'Anak', 1.2110, 0.00509475, '2024-04-23 07:19:41', '2024-04-23 07:19:54'),
(49, 'I Ketut Merta', 'Kepala Keluarga', 1.3570, 0.00570900, '2024-04-23 07:19:41', '2024-04-23 07:19:54'),
(50, 'I Ketut Randi Nugraha', 'Anak', 1.8034, 0.00758719, '2024-04-23 07:19:41', '2024-04-23 07:19:54'),
(51, 'I Ketut Subamia', 'Kepala Keluarga', 0.9754, 0.00410363, '2024-04-23 07:19:41', '2024-04-23 07:19:54'),
(52, 'I Ketut Sunarta', 'Kepala Keluarga', 1.0441, 0.00439264, '2024-04-23 07:19:41', '2024-04-23 07:19:54'),
(53, 'I Ketut Suweca', 'Kepala Keluarga', 2.2039, 0.00927208, '2024-04-23 07:19:41', '2024-04-23 07:19:54'),
(54, 'I Ketut Warda', 'Kepala Keluarga', 1.1553, 0.00486050, '2024-04-23 07:19:41', '2024-04-23 07:19:54'),
(55, 'I Ketut Wijana', 'Kepala Keluarga', 1.2560, 0.00528432, '2024-04-23 07:19:42', '2024-04-23 07:19:54'),
(56, 'I Komang Ardiasa', 'Anak', 1.8034, 0.00758719, '2024-04-23 07:19:42', '2024-04-23 07:19:54'),
(57, 'I Komang Suartana', 'Kepala Keluarga', 1.4638, 0.00615855, '2024-04-23 07:19:42', '2024-04-23 07:19:54'),
(58, 'I Made Ari Wardana', 'Anak', 1.8034, 0.00758719, '2024-04-23 07:19:42', '2024-04-23 07:19:54'),
(59, 'I Made Armawan', 'Kepala Keluarga', 1.0931, 0.00459889, '2024-04-23 07:19:42', '2024-04-23 07:19:54'),
(60, 'I Made Arya', 'Kepala Keluarga', 2.2039, 0.00927208, '2024-04-23 07:19:42', '2024-04-23 07:19:54'),
(61, 'I Made Bagus Arya Laksana', 'Anak', 0.8733, 0.00367396, '2024-04-23 07:19:42', '2024-04-23 07:19:54'),
(62, 'I Made Buda', 'Kepala Keluarga', 1.0371, 0.00436314, '2024-04-23 07:19:42', '2024-04-23 07:19:54'),
(63, 'I Made Ditayasa', 'Anak', 1.8891, 0.00794778, '2024-04-23 07:19:42', '2024-04-23 07:19:54'),
(64, 'I Made Eko Darmadi', 'Kepala Keluarga', 1.0931, 0.00459889, '2024-04-23 07:19:42', '2024-04-23 07:19:54'),
(65, 'I Made Pasek Buana Arta Jaya', 'Kepala Keluarga', 0.9973, 0.00419583, '2024-04-23 07:19:42', '2024-04-23 07:19:54'),
(66, 'I Made Patra', 'Kepala Keluarga', 2.0660, 0.00869174, '2024-04-23 07:19:42', '2024-04-23 07:19:54'),
(67, 'I Made Purnomo Hariadi', 'Kepala Keluarga', 1.5371, 0.00646689, '2024-04-23 07:19:42', '2024-04-23 07:19:54'),
(68, 'I Made Putra', 'Anak', 1.2720, 0.00535133, '2024-04-23 07:19:42', '2024-04-23 07:19:54'),
(69, 'I Made Rai Mina', 'Kepala Keluarga', 1.4397, 0.00605696, '2024-04-23 07:19:42', '2024-04-23 07:19:54'),
(70, 'I Made Rai Suarsa', 'Kepala Keluarga', 1.4320, 0.00602470, '2024-04-23 07:19:42', '2024-04-23 07:19:54'),
(71, 'I Made Rame', 'Kepala Keluarga', 1.9702, 0.00828876, '2024-04-23 07:19:42', '2024-04-23 07:19:54'),
(72, 'I Made Sarma', 'Kepala Keluarga', 1.4171, 0.00596211, '2024-04-23 07:19:42', '2024-04-23 07:19:54'),
(73, 'I Made Semaranala', 'Kepala Keluarga', 1.4397, 0.00605696, '2024-04-23 07:19:42', '2024-04-23 07:19:54'),
(74, 'I Made Sudarta', 'Kepala Keluarga', 1.2643, 0.00531899, '2024-04-23 07:19:42', '2024-04-23 07:19:54'),
(75, 'I Made Sukarma', 'Kepala Keluarga', 1.4638, 0.00615855, '2024-04-23 07:19:42', '2024-04-23 07:19:54'),
(76, 'I Made Sunarda', 'Kepala Keluarga', 1.4397, 0.00605696, '2024-04-23 07:19:42', '2024-04-23 07:19:54'),
(77, 'I Made Sura', 'Kepala Keluarga', 1.3362, 0.00562157, '2024-04-23 07:19:42', '2024-04-23 07:19:54'),
(78, 'I Nengah Mandra', 'Kepala Keluarga', 1.4518, 0.00610774, '2024-04-23 07:19:42', '2024-04-23 07:19:54'),
(79, 'I Nengah Suarma', 'Kepala Keluarga', 1.1278, 0.00474472, '2024-04-23 07:19:42', '2024-04-23 07:19:54'),
(80, 'I Ngurah Pandi Santosa', 'Anak', 0.8754, 0.00368285, '2024-04-23 07:19:42', '2024-04-23 07:19:54'),
(81, 'I Nyoman Bebas', 'Kepala Keluarga', 1.4084, 0.00592531, '2024-04-23 07:19:42', '2024-04-23 07:19:54'),
(82, 'I Nyoman Darsana', 'Kepala Keluarga', 1.3586, 0.00571586, '2024-04-23 07:19:42', '2024-04-23 07:19:54'),
(83, 'I Nyoman Dener', 'Kepala Keluarga', 1.3362, 0.00562157, '2024-04-23 07:19:42', '2024-04-23 07:19:54'),
(84, 'I Nyoman Eka Brata', 'Kepala Keluarga', 1.3326, 0.00560639, '2024-04-23 07:19:42', '2024-04-23 07:19:54'),
(85, 'I Nyoman Gede Suarsa', 'Kepala Keluarga', 1.0671, 0.00448934, '2024-04-23 07:19:42', '2024-04-23 07:19:54'),
(86, 'I Nyoman Ngurah Suyanto', 'Kepala Keluarga', 0.9906, 0.00416764, '2024-04-23 07:19:42', '2024-04-23 07:19:54'),
(87, 'I Nyoman Sinom', 'Kepala Keluarga', 1.4395, 0.00605611, '2024-04-23 07:19:42', '2024-04-23 07:19:54'),
(88, 'I Nyoman Sueta', 'Kepala Keluarga', 2.0660, 0.00869174, '2024-04-23 07:19:42', '2024-04-23 07:19:54'),
(89, 'I Nyoman Wiarta', 'Kepala Keluarga', 0.9690, 0.00407688, '2024-04-23 07:19:42', '2024-04-23 07:19:54'),
(90, 'I Nyoman Wirya', 'Kepala Keluarga', 1.0371, 0.00436314, '2024-04-23 07:19:42', '2024-04-23 07:19:54'),
(91, 'I Putu Ardika', 'Anak', 1.7923, 0.00754036, '2024-04-23 07:19:42', '2024-04-23 07:19:54'),
(92, 'I Putu Arjun Adi', 'Anak', 1.1248, 0.00473226, '2024-04-23 07:19:42', '2024-04-23 07:19:54'),
(93, 'I Putu Dedi Warjana', 'Kepala Keluarga', 0.9196, 0.00386883, '2024-04-23 07:19:42', '2024-04-23 07:19:54'),
(94, 'I Putu Eka Sudarsono', 'Kepala Keluarga', 1.0439, 0.00439176, '2024-04-23 07:19:42', '2024-04-23 07:19:54'),
(95, 'I Putu Oka Diantara', 'Anak', 1.5453, 0.00650128, '2024-04-23 07:19:42', '2024-04-23 07:19:54'),
(96, 'I Putu Suardika', 'Kepala Keluarga', 1.1003, 0.00462906, '2024-04-23 07:19:42', '2024-04-23 07:19:54'),
(97, 'I Wayan Artadana', 'Anak', 0.8645, 0.00363706, '2024-04-23 07:19:42', '2024-04-23 07:19:54'),
(98, 'I Wayan Astika', 'Anak', 1.2685, 0.00533688, '2024-04-23 07:19:42', '2024-04-23 07:19:54'),
(99, 'I Wayan Catur', 'Orang Tua', 1.3407, 0.00564048, '2024-04-23 07:19:42', '2024-04-23 07:19:54'),
(100, 'I Wayan Dedi Purnomo', 'Kepala Keluarga', 0.9693, 0.00407788, '2024-04-23 07:19:42', '2024-04-23 07:19:54'),
(101, 'I Wayan Kartika', 'Anak', 0.8790, 0.00369806, '2024-04-23 07:19:42', '2024-04-23 07:19:54'),
(102, 'I Wayan Maragama', 'Kepala Keluarga', 2.0876, 0.00878297, '2024-04-23 07:19:42', '2024-04-23 07:19:54'),
(103, 'I Wayan Merta', 'Kepala Keluarga', 1.9763, 0.00831475, '2024-04-23 07:19:42', '2024-04-23 07:19:54'),
(104, 'I Wayan Rena', 'Kepala Keluarga', 2.8410, 0.01195262, '2024-04-23 07:19:42', '2024-04-23 07:19:54'),
(105, 'I Wayan Srana', 'Kepala Keluarga', 1.0441, 0.00439283, '2024-04-23 07:19:42', '2024-04-23 07:19:54'),
(106, 'I Wayan Suarnita', 'Kepala Keluarga', 1.2264, 0.00515969, '2024-04-23 07:19:42', '2024-04-23 07:19:54'),
(107, 'I Wayan Sudiasa', 'Kepala Keluarga', 1.1887, 0.00500109, '2024-04-23 07:19:42', '2024-04-23 07:19:54'),
(108, 'I Wayan Sukanadi', 'Kepala Keluarga', 1.0439, 0.00439176, '2024-04-23 07:19:42', '2024-04-23 07:19:54'),
(109, 'I Wayan Sutama', 'Kepala Keluarga', 2.3293, 0.00979954, '2024-04-23 07:19:42', '2024-04-23 07:19:54'),
(110, 'I Wayan Suwarto', 'Orang Tua', 1.3407, 0.00564048, '2024-04-23 07:19:42', '2024-04-23 07:19:54'),
(111, 'Ida Ayu Kadek Anggraeni', 'Istri', 1.4432, 0.00607152, '2024-04-23 07:19:42', '2024-04-23 07:19:54'),
(112, 'Indira Apriliyani', 'Anak', 1.9170, 0.00806517, '2024-04-23 07:19:42', '2024-04-23 07:19:54'),
(113, 'Kadek Adi Sucipto', 'Kepala Keluarga', 1.2643, 0.00531899, '2024-04-23 07:19:42', '2024-04-23 07:19:54'),
(114, 'Kadek Agus Hendra Priyana', 'Anak', 0.8645, 0.00363711, '2024-04-23 07:19:43', '2024-04-23 07:19:54'),
(115, 'Kadek Ayu Astuti', 'Istri', 2.0295, 0.00853824, '2024-04-23 07:19:43', '2024-04-23 07:19:54'),
(116, 'Kadek Edy Sumarlyanto', 'Kepala Keluarga', 0.9007, 0.00378918, '2024-04-23 07:19:43', '2024-04-23 07:19:54'),
(117, 'Kadek Lana', 'Anak', 1.9254, 0.00810055, '2024-04-23 07:19:43', '2024-04-23 07:19:54'),
(118, 'Kadek Muliana', 'Kepala Keluarga', 1.4397, 0.00605696, '2024-04-23 07:19:43', '2024-04-23 07:19:54'),
(119, 'Kadek Yasni', 'Istri', 1.2038, 0.00506453, '2024-04-23 07:19:43', '2024-04-23 07:19:54'),
(120, 'Ketut Suwatra', 'Kepala Keluarga', 1.1033, 0.00464159, '2024-04-23 07:19:43', '2024-04-23 07:19:54'),
(121, 'Komang Astawa', 'Kepala Keluarga', 1.9909, 0.00837577, '2024-04-23 07:19:43', '2024-04-23 07:19:54'),
(122, 'Komang Ayu Rayani', 'Istri', 1.9254, 0.00810055, '2024-04-23 07:19:43', '2024-04-23 07:19:54'),
(123, 'Komang Kurniawan', 'Kepala Keluarga', 2.2039, 0.00927208, '2024-04-23 07:19:43', '2024-04-23 07:19:54'),
(124, 'Komang Sudarmini', 'Istri', 1.9254, 0.00810055, '2024-04-23 07:19:43', '2024-04-23 07:19:54'),
(125, 'Komang Sutarma', 'Anak', 1.8891, 0.00794778, '2024-04-23 07:19:43', '2024-04-23 07:19:54'),
(126, 'Made Suarsono', 'Kepala Keluarga', 1.8837, 0.00792495, '2024-04-23 07:19:43', '2024-04-23 07:19:54'),
(127, 'Made Witrini', 'Istri', 0.9227, 0.00388185, '2024-04-23 07:19:43', '2024-04-23 07:19:54'),
(128, 'Marlina Sari', 'Istri', 0.9756, 0.00410463, '2024-04-23 07:19:43', '2024-04-23 07:19:54'),
(129, 'Men Kerti', 'Kepala Keluarga', 2.0203, 0.00849948, '2024-04-23 07:19:43', '2024-04-23 07:19:54'),
(130, 'Nengah Putu Madiana', 'Kepala Keluarga', 1.2924, 0.00543716, '2024-04-23 07:19:43', '2024-04-23 07:19:54'),
(131, 'Ni Ketut Ayu Ariyanti', 'Istri', 1.9501, 0.00820425, '2024-04-23 07:19:43', '2024-04-23 07:19:54'),
(132, 'Ni Ketut Suartini', 'Istri', 1.5208, 0.00639802, '2024-04-23 07:19:43', '2024-04-23 07:19:54'),
(133, 'Ni Komang Fifit Pratiwi', 'Anak', 0.9934, 0.00417919, '2024-04-23 07:19:43', '2024-04-23 07:19:54'),
(134, 'Ni Komang Keni', 'Istri', 1.4674, 0.00617336, '2024-04-23 07:19:43', '2024-04-23 07:19:54'),
(135, 'Ni Made Juniarti', 'Istri', 1.1175, 0.00470142, '2024-04-23 07:19:43', '2024-04-23 07:19:54'),
(136, 'Ni Made Murtini', 'Istri', 1.5434, 0.00649339, '2024-04-23 07:19:43', '2024-04-23 07:19:54'),
(137, 'Ni Nyoman Kawiyanti', 'Istri', 1.4051, 0.00591137, '2024-04-23 07:19:43', '2024-04-23 07:19:54'),
(138, 'Ni Putu Ayu Andhini Putri', 'Istri', 1.9254, 0.00810055, '2024-04-23 07:19:43', '2024-04-23 07:19:54'),
(139, 'Ni Wayan Renjen', 'Istri', 1.2685, 0.00533688, '2024-04-23 07:19:43', '2024-04-23 07:19:54'),
(140, 'Niluh Ayu Dewi Astuti', 'Istri', 0.9287, 0.00390732, '2024-04-23 07:19:43', '2024-04-23 07:19:54'),
(141, 'Niluh Kaila Natasya', 'Anak', 1.9170, 0.00806517, '2024-04-23 07:19:43', '2024-04-23 07:19:54'),
(142, 'Nyoman Ariani', 'Istri', 2.0674, 0.00869769, '2024-04-23 07:19:43', '2024-04-23 07:19:54'),
(143, 'Nyoman Sani', 'Istri', 1.9273, 0.00810861, '2024-04-23 07:19:43', '2024-04-23 07:19:54'),
(144, 'Nyoman Suasa', 'Kepala Keluarga', 1.4084, 0.00592531, '2024-04-23 07:19:43', '2024-04-23 07:19:54'),
(145, 'Nyoman Sukandia', 'Kepala Keluarga', 1.1033, 0.00464159, '2024-04-23 07:19:43', '2024-04-23 07:19:54'),
(146, 'Pan Luh Nuryanti', 'Orang Tua', 2.0674, 0.00869801, '2024-04-23 07:19:43', '2024-04-23 07:19:54'),
(147, 'Putu Adi Permana', 'Kepala Keluarga', 0.9411, 0.00395954, '2024-04-23 07:19:43', '2024-04-23 07:19:54'),
(148, 'Putu Andre Juliana', 'Anak', 1.8034, 0.00758719, '2024-04-23 07:19:43', '2024-04-23 07:19:54'),
(149, 'Putu Ariyasa', 'Kepala Keluarga', 1.1998, 0.00504755, '2024-04-23 07:19:43', '2024-04-23 07:19:54'),
(150, 'Putu Arya Airlangga', 'Anak', 1.8034, 0.00758719, '2024-04-23 07:19:43', '2024-04-23 07:19:54'),
(151, 'Putu Eka Purwata', 'Anak', 1.8034, 0.00758719, '2024-04-23 07:19:43', '2024-04-23 07:19:54'),
(152, 'Putu Vierianto', 'Anak', 1.7923, 0.00754036, '2024-04-23 07:19:43', '2024-04-23 07:19:54'),
(153, 'Putu Warta', 'Anak', 1.9254, 0.00810055, '2024-04-23 07:19:43', '2024-04-23 07:19:54'),
(154, 'Raden Bagus Sukarma', 'Kepala Keluarga', 1.4397, 0.00605696, '2024-04-23 07:19:43', '2024-04-23 07:19:54'),
(155, 'Ryan Artino', 'Anak', 1.8891, 0.00794778, '2024-04-23 07:19:43', '2024-04-23 07:19:54'),
(156, 'Sitti Satila Rahmi', 'Anak', 1.8034, 0.00758719, '2024-04-23 07:19:43', '2024-04-23 07:19:54'),
(157, 'Wayan Cuet', 'Kepala Keluarga', 1.4397, 0.00605696, '2024-04-23 07:19:43', '2024-04-23 07:19:54'),
(158, 'Wayan Lace', 'Kepala Keluarga', 2.0203, 0.00849948, '2024-04-23 07:19:43', '2024-04-23 07:19:54'),
(159, 'Wayan Parianto', 'Anak', 1.7923, 0.00754036, '2024-04-23 07:19:43', '2024-04-23 07:19:54'),
(196, 'Tes1', 'Istri', NULL, NULL, '2024-04-25 22:55:29', '2024-04-25 22:55:29'),
(197, 'Tes2', 'Kepala Keluarga', NULL, NULL, '2024-04-25 22:55:29', '2024-04-25 22:55:29'),
(198, 'Tes3', 'Kepala Keluarga', NULL, NULL, '2024-04-25 22:55:29', '2024-04-25 22:55:29'),
(199, 'Tes4', 'Kepala Keluarga', NULL, NULL, '2024-04-25 22:55:29', '2024-04-25 22:55:29'),
(200, 'Tes5', 'Anak', NULL, NULL, '2024-04-25 22:55:29', '2024-04-25 22:55:29');

-- --------------------------------------------------------

--
-- Struktur dari tabel `migrations`
--

CREATE TABLE `migrations` (
  `id` int(10) UNSIGNED NOT NULL,
  `migration` varchar(255) NOT NULL,
  `batch` int(11) NOT NULL
) ENGINE=InnoDB DEFAULT CHARSET=utf8mb4 COLLATE=utf8mb4_unicode_ci;

--
-- Dumping data untuk tabel `migrations`
--

INSERT INTO `migrations` (`id`, `migration`, `batch`) VALUES
(1, '2014_10_12_000000_create_users_table', 1),
(2, '2014_10_12_100000_create_password_reset_tokens_table', 1),
(3, '2019_08_19_000000_create_failed_jobs_table', 1),
(4, '2019_12_14_000001_create_personal_access_tokens_table', 1),
(5, '2023_10_02_102455_create_kriterias_table', 1),
(6, '2023_10_02_102617_create_sub_kriterias_table', 1),
(7, '2023_10_03_042043_create_masyarakats_table', 1),
(8, '2024_02_12_181221_create_penilaians_table', 1);

-- --------------------------------------------------------

--
-- Struktur dari tabel `password_reset_tokens`
--

CREATE TABLE `password_reset_tokens` (
  `email` varchar(255) NOT NULL,
  `token` varchar(255) NOT NULL,
  `created_at` timestamp NULL DEFAULT NULL
) ENGINE=InnoDB DEFAULT CHARSET=utf8mb4 COLLATE=utf8mb4_unicode_ci;

-- --------------------------------------------------------

--
-- Struktur dari tabel `penilaian`
--

CREATE TABLE `penilaian` (
  `id` bigint(20) UNSIGNED NOT NULL,
  `masyarakat_id` bigint(20) UNSIGNED NOT NULL,
  `kriteria_id` bigint(20) UNSIGNED NOT NULL,
  `sub_kriteria_id` bigint(20) UNSIGNED NOT NULL,
  `created_at` timestamp NULL DEFAULT NULL,
  `updated_at` timestamp NULL DEFAULT NULL
) ENGINE=InnoDB DEFAULT CHARSET=utf8mb4 COLLATE=utf8mb4_unicode_ci;

--
-- Dumping data untuk tabel `penilaian`
--

INSERT INTO `penilaian` (`id`, `masyarakat_id`, `kriteria_id`, `sub_kriteria_id`, `created_at`, `updated_at`) VALUES
(1, 1, 5, 15, '2024-04-23 07:19:40', '2024-04-23 07:19:40'),
(2, 1, 8, 26, '2024-04-23 07:19:40', '2024-04-23 07:19:40'),
(3, 1, 4, 13, '2024-04-23 07:19:40', '2024-04-23 07:19:40'),
(4, 1, 1, 3, '2024-04-23 07:19:40', '2024-04-23 07:19:40'),
(5, 1, 2, 5, '2024-04-23 07:19:40', '2024-04-23 07:19:40'),
(6, 1, 10, 32, '2024-04-23 07:19:40', '2024-04-23 07:19:40'),
(7, 1, 9, 27, '2024-04-23 07:19:40', '2024-04-23 07:19:40'),
(8, 1, 7, 21, '2024-04-23 07:19:40', '2024-04-23 07:19:40'),
(9, 1, 3, 10, '2024-04-23 07:19:40', '2024-04-23 07:19:40'),
(10, 1, 6, 20, '2024-04-23 07:19:40', '2024-04-23 07:19:40'),
(11, 2, 5, 16, '2024-04-23 07:19:41', '2024-04-23 07:19:41'),
(12, 2, 8, 24, '2024-04-23 07:19:41', '2024-04-23 07:19:41'),
(13, 2, 4, 13, '2024-04-23 07:19:41', '2024-04-23 07:19:41'),
(14, 2, 1, 3, '2024-04-23 07:19:41', '2024-04-23 07:19:41'),
(15, 2, 2, 7, '2024-04-23 07:19:41', '2024-04-23 07:19:41'),
(16, 2, 10, 32, '2024-04-23 07:19:41', '2024-04-23 07:19:41'),
(17, 2, 9, 28, '2024-04-23 07:19:41', '2024-04-23 07:19:41'),
(18, 2, 7, 21, '2024-04-23 07:19:41', '2024-04-23 07:19:41'),
(19, 2, 3, 10, '2024-04-23 07:19:41', '2024-04-23 07:19:41'),
(20, 2, 6, 20, '2024-04-23 07:19:41', '2024-04-23 07:19:41'),
(21, 3, 5, 15, '2024-04-23 07:19:41', '2024-04-23 07:19:41'),
(22, 3, 8, 23, '2024-04-23 07:19:41', '2024-04-23 07:19:41'),
(23, 3, 4, 13, '2024-04-23 07:19:41', '2024-04-23 07:19:41'),
(24, 3, 1, 4, '2024-04-23 07:19:41', '2024-04-23 07:19:41'),
(25, 3, 2, 6, '2024-04-23 07:19:41', '2024-04-23 07:19:41'),
(26, 3, 10, 31, '2024-04-23 07:19:41', '2024-04-23 07:19:41'),
(27, 3, 9, 28, '2024-04-23 07:19:41', '2024-04-23 07:19:41'),
(28, 3, 7, 21, '2024-04-23 07:19:41', '2024-04-23 07:19:41'),
(29, 3, 3, 9, '2024-04-23 07:19:41', '2024-04-23 07:19:41'),
(30, 3, 6, 20, '2024-04-23 07:19:41', '2024-04-23 07:19:41'),
(31, 4, 5, 17, '2024-04-23 07:19:41', '2024-04-23 07:19:41'),
(32, 4, 8, 24, '2024-04-23 07:19:41', '2024-04-23 07:19:41'),
(33, 4, 4, 12, '2024-04-23 07:19:41', '2024-04-23 07:19:41'),
(34, 4, 1, 1, '2024-04-23 07:19:41', '2024-04-23 07:19:41'),
(35, 4, 2, 5, '2024-04-23 07:19:41', '2024-04-23 07:19:41'),
(36, 4, 10, 31, '2024-04-23 07:19:41', '2024-04-23 07:19:41'),
(37, 4, 9, 27, '2024-04-23 07:19:41', '2024-04-23 07:19:41'),
(38, 4, 7, 22, '2024-04-23 07:19:41', '2024-04-23 07:19:41'),
(39, 4, 3, 10, '2024-04-23 07:19:41', '2024-04-23 07:19:41'),
(40, 4, 6, 20, '2024-04-23 07:19:41', '2024-04-23 07:19:41'),
(41, 5, 5, 18, '2024-04-23 07:19:41', '2024-04-23 07:19:41'),
(42, 5, 8, 26, '2024-04-23 07:19:41', '2024-04-23 07:19:41'),
(43, 5, 4, 14, '2024-04-23 07:19:41', '2024-04-23 07:19:41'),
(44, 5, 1, 4, '2024-04-23 07:19:41', '2024-04-23 07:19:41'),
(45, 5, 2, 5, '2024-04-23 07:19:41', '2024-04-23 07:19:41'),
(46, 5, 10, 32, '2024-04-23 07:19:41', '2024-04-23 07:19:41'),
(47, 5, 9, 27, '2024-04-23 07:19:41', '2024-04-23 07:19:41'),
(48, 5, 7, 21, '2024-04-23 07:19:41', '2024-04-23 07:19:41'),
(49, 5, 3, 10, '2024-04-23 07:19:41', '2024-04-23 07:19:41'),
(50, 5, 6, 20, '2024-04-23 07:19:41', '2024-04-23 07:19:41'),
(51, 6, 5, 17, '2024-04-23 07:19:41', '2024-04-23 07:19:41'),
(52, 6, 8, 26, '2024-04-23 07:19:41', '2024-04-23 07:19:41'),
(53, 6, 4, 13, '2024-04-23 07:19:41', '2024-04-23 07:19:41'),
(54, 6, 1, 2, '2024-04-23 07:19:41', '2024-04-23 07:19:41'),
(55, 6, 2, 6, '2024-04-23 07:19:41', '2024-04-23 07:19:41'),
(56, 6, 10, 31, '2024-04-23 07:19:41', '2024-04-23 07:19:41'),
(57, 6, 9, 27, '2024-04-23 07:19:41', '2024-04-23 07:19:41'),
(58, 6, 7, 21, '2024-04-23 07:19:41', '2024-04-23 07:19:41'),
(59, 6, 3, 10, '2024-04-23 07:19:41', '2024-04-23 07:19:41'),
(60, 6, 6, 20, '2024-04-23 07:19:41', '2024-04-23 07:19:41'),
(61, 7, 5, 17, '2024-04-23 07:19:41', '2024-04-23 07:19:41'),
(62, 7, 8, 26, '2024-04-23 07:19:41', '2024-04-23 07:19:41'),
(63, 7, 4, 14, '2024-04-23 07:19:41', '2024-04-23 07:19:41'),
(64, 7, 1, 4, '2024-04-23 07:19:41', '2024-04-23 07:19:41'),
(65, 7, 2, 5, '2024-04-23 07:19:41', '2024-04-23 07:19:41'),
(66, 7, 10, 31, '2024-04-23 07:19:41', '2024-04-23 07:19:41'),
(67, 7, 9, 27, '2024-04-23 07:19:41', '2024-04-23 07:19:41'),
(68, 7, 7, 22, '2024-04-23 07:19:41', '2024-04-23 07:19:41'),
(69, 7, 3, 10, '2024-04-23 07:19:41', '2024-04-23 07:19:41'),
(70, 7, 6, 20, '2024-04-23 07:19:41', '2024-04-23 07:19:41'),
(71, 8, 5, 18, '2024-04-23 07:19:41', '2024-04-23 07:19:41'),
(72, 8, 8, 26, '2024-04-23 07:19:41', '2024-04-23 07:19:41'),
(73, 8, 4, 14, '2024-04-23 07:19:41', '2024-04-23 07:19:41'),
(74, 8, 1, 4, '2024-04-23 07:19:41', '2024-04-23 07:19:41'),
(75, 8, 2, 5, '2024-04-23 07:19:41', '2024-04-23 07:19:41'),
(76, 8, 10, 32, '2024-04-23 07:19:41', '2024-04-23 07:19:41'),
(77, 8, 9, 27, '2024-04-23 07:19:41', '2024-04-23 07:19:41'),
(78, 8, 7, 22, '2024-04-23 07:19:41', '2024-04-23 07:19:41'),
(79, 8, 3, 10, '2024-04-23 07:19:41', '2024-04-23 07:19:41'),
(80, 8, 6, 20, '2024-04-23 07:19:41', '2024-04-23 07:19:41'),
(81, 9, 5, 15, '2024-04-23 07:19:41', '2024-04-23 07:19:41'),
(82, 9, 8, 24, '2024-04-23 07:19:41', '2024-04-23 07:19:41'),
(83, 9, 4, 13, '2024-04-23 07:19:41', '2024-04-23 07:19:41'),
(84, 9, 1, 2, '2024-04-23 07:19:41', '2024-04-23 07:19:41'),
(85, 9, 2, 5, '2024-04-23 07:19:41', '2024-04-23 07:19:41'),
(86, 9, 10, 31, '2024-04-23 07:19:41', '2024-04-23 07:19:41'),
(87, 9, 9, 27, '2024-04-23 07:19:41', '2024-04-23 07:19:41'),
(88, 9, 7, 21, '2024-04-23 07:19:41', '2024-04-23 07:19:41'),
(89, 9, 3, 10, '2024-04-23 07:19:41', '2024-04-23 07:19:41'),
(90, 9, 6, 20, '2024-04-23 07:19:41', '2024-04-23 07:19:41'),
(91, 10, 5, 18, '2024-04-23 07:19:41', '2024-04-23 07:19:41'),
(92, 10, 8, 26, '2024-04-23 07:19:41', '2024-04-23 07:19:41'),
(93, 10, 4, 14, '2024-04-23 07:19:41', '2024-04-23 07:19:41'),
(94, 10, 1, 4, '2024-04-23 07:19:41', '2024-04-23 07:19:41'),
(95, 10, 2, 5, '2024-04-23 07:19:41', '2024-04-23 07:19:41'),
(96, 10, 10, 32, '2024-04-23 07:19:41', '2024-04-23 07:19:41'),
(97, 10, 9, 27, '2024-04-23 07:19:41', '2024-04-23 07:19:41'),
(98, 10, 7, 21, '2024-04-23 07:19:41', '2024-04-23 07:19:41'),
(99, 10, 3, 10, '2024-04-23 07:19:41', '2024-04-23 07:19:41'),
(100, 10, 6, 20, '2024-04-23 07:19:41', '2024-04-23 07:19:41'),
(101, 11, 5, 15, '2024-04-23 07:19:41', '2024-04-23 07:19:41'),
(102, 11, 8, 23, '2024-04-23 07:19:41', '2024-04-23 07:19:41'),
(103, 11, 4, 13, '2024-04-23 07:19:41', '2024-04-23 07:19:41'),
(104, 11, 1, 2, '2024-04-23 07:19:41', '2024-04-23 07:19:41'),
(105, 11, 2, 6, '2024-04-23 07:19:41', '2024-04-23 07:19:41'),
(106, 11, 10, 31, '2024-04-23 07:19:41', '2024-04-23 07:19:41'),
(107, 11, 9, 28, '2024-04-23 07:19:41', '2024-04-23 07:19:41'),
(108, 11, 7, 21, '2024-04-23 07:19:41', '2024-04-23 07:19:41'),
(109, 11, 3, 9, '2024-04-23 07:19:41', '2024-04-23 07:19:41'),
(110, 11, 6, 20, '2024-04-23 07:19:41', '2024-04-23 07:19:41'),
(111, 12, 5, 15, '2024-04-23 07:19:41', '2024-04-23 07:19:41'),
(112, 12, 8, 23, '2024-04-23 07:19:41', '2024-04-23 07:19:41'),
(113, 12, 4, 13, '2024-04-23 07:19:41', '2024-04-23 07:19:41'),
(114, 12, 1, 3, '2024-04-23 07:19:41', '2024-04-23 07:19:41'),
(115, 12, 2, 6, '2024-04-23 07:19:41', '2024-04-23 07:19:41'),
(116, 12, 10, 32, '2024-04-23 07:19:41', '2024-04-23 07:19:41'),
(117, 12, 9, 28, '2024-04-23 07:19:41', '2024-04-23 07:19:41'),
(118, 12, 7, 21, '2024-04-23 07:19:41', '2024-04-23 07:19:41'),
(119, 12, 3, 9, '2024-04-23 07:19:41', '2024-04-23 07:19:41'),
(120, 12, 6, 20, '2024-04-23 07:19:41', '2024-04-23 07:19:41'),
(121, 13, 5, 16, '2024-04-23 07:19:41', '2024-04-23 07:19:41'),
(122, 13, 8, 24, '2024-04-23 07:19:41', '2024-04-23 07:19:41'),
(123, 13, 4, 13, '2024-04-23 07:19:41', '2024-04-23 07:19:41'),
(124, 13, 1, 1, '2024-04-23 07:19:41', '2024-04-23 07:19:41'),
(125, 13, 2, 5, '2024-04-23 07:19:41', '2024-04-23 07:19:41'),
(126, 13, 10, 31, '2024-04-23 07:19:41', '2024-04-23 07:19:41'),
(127, 13, 9, 27, '2024-04-23 07:19:41', '2024-04-23 07:19:41'),
(128, 13, 7, 22, '2024-04-23 07:19:41', '2024-04-23 07:19:41'),
(129, 13, 3, 10, '2024-04-23 07:19:41', '2024-04-23 07:19:41'),
(130, 13, 6, 20, '2024-04-23 07:19:41', '2024-04-23 07:19:41'),
(131, 14, 5, 16, '2024-04-23 07:19:41', '2024-04-23 07:19:41'),
(132, 14, 8, 23, '2024-04-23 07:19:41', '2024-04-23 07:19:41'),
(133, 14, 4, 13, '2024-04-23 07:19:41', '2024-04-23 07:19:41'),
(134, 14, 1, 1, '2024-04-23 07:19:41', '2024-04-23 07:19:41'),
(135, 14, 2, 5, '2024-04-23 07:19:41', '2024-04-23 07:19:41'),
(136, 14, 10, 31, '2024-04-23 07:19:41', '2024-04-23 07:19:41'),
(137, 14, 9, 27, '2024-04-23 07:19:41', '2024-04-23 07:19:41'),
(138, 14, 7, 21, '2024-04-23 07:19:41', '2024-04-23 07:19:41'),
(139, 14, 3, 10, '2024-04-23 07:19:41', '2024-04-23 07:19:41'),
(140, 14, 6, 20, '2024-04-23 07:19:41', '2024-04-23 07:19:41'),
(141, 15, 5, 17, '2024-04-23 07:19:41', '2024-04-23 07:19:41'),
(142, 15, 8, 24, '2024-04-23 07:19:41', '2024-04-23 07:19:41'),
(143, 15, 4, 12, '2024-04-23 07:19:41', '2024-04-23 07:19:41'),
(144, 15, 1, 1, '2024-04-23 07:19:41', '2024-04-23 07:19:41'),
(145, 15, 2, 5, '2024-04-23 07:19:41', '2024-04-23 07:19:41'),
(146, 15, 10, 30, '2024-04-23 07:19:41', '2024-04-23 07:19:41'),
(147, 15, 9, 27, '2024-04-23 07:19:41', '2024-04-23 07:19:41'),
(148, 15, 7, 22, '2024-04-23 07:19:41', '2024-04-23 07:19:41'),
(149, 15, 3, 10, '2024-04-23 07:19:41', '2024-04-23 07:19:41'),
(150, 15, 6, 20, '2024-04-23 07:19:41', '2024-04-23 07:19:41'),
(151, 16, 5, 16, '2024-04-23 07:19:41', '2024-04-23 07:19:41'),
(152, 16, 8, 25, '2024-04-23 07:19:41', '2024-04-23 07:19:41'),
(153, 16, 4, 13, '2024-04-23 07:19:41', '2024-04-23 07:19:41'),
(154, 16, 1, 4, '2024-04-23 07:19:41', '2024-04-23 07:19:41'),
(155, 16, 2, 5, '2024-04-23 07:19:41', '2024-04-23 07:19:41'),
(156, 16, 10, 31, '2024-04-23 07:19:41', '2024-04-23 07:19:41'),
(157, 16, 9, 27, '2024-04-23 07:19:41', '2024-04-23 07:19:41'),
(158, 16, 7, 22, '2024-04-23 07:19:41', '2024-04-23 07:19:41'),
(159, 16, 3, 10, '2024-04-23 07:19:41', '2024-04-23 07:19:41'),
(160, 16, 6, 20, '2024-04-23 07:19:41', '2024-04-23 07:19:41'),
(161, 17, 5, 15, '2024-04-23 07:19:41', '2024-04-23 07:19:41'),
(162, 17, 8, 23, '2024-04-23 07:19:41', '2024-04-23 07:19:41'),
(163, 17, 4, 13, '2024-04-23 07:19:41', '2024-04-23 07:19:41'),
(164, 17, 1, 3, '2024-04-23 07:19:41', '2024-04-23 07:19:41'),
(165, 17, 2, 6, '2024-04-23 07:19:41', '2024-04-23 07:19:41'),
(166, 17, 10, 31, '2024-04-23 07:19:41', '2024-04-23 07:19:41'),
(167, 17, 9, 28, '2024-04-23 07:19:41', '2024-04-23 07:19:41'),
(168, 17, 7, 21, '2024-04-23 07:19:41', '2024-04-23 07:19:41'),
(169, 17, 3, 10, '2024-04-23 07:19:41', '2024-04-23 07:19:41'),
(170, 17, 6, 20, '2024-04-23 07:19:41', '2024-04-23 07:19:41'),
(171, 18, 5, 18, '2024-04-23 07:19:41', '2024-04-23 07:19:41'),
(172, 18, 8, 26, '2024-04-23 07:19:41', '2024-04-23 07:19:41'),
(173, 18, 4, 14, '2024-04-23 07:19:41', '2024-04-23 07:19:41'),
(174, 18, 1, 4, '2024-04-23 07:19:41', '2024-04-23 07:19:41'),
(175, 18, 2, 5, '2024-04-23 07:19:41', '2024-04-23 07:19:41'),
(176, 18, 10, 32, '2024-04-23 07:19:41', '2024-04-23 07:19:41'),
(177, 18, 9, 27, '2024-04-23 07:19:41', '2024-04-23 07:19:41'),
(178, 18, 7, 22, '2024-04-23 07:19:41', '2024-04-23 07:19:41'),
(179, 18, 3, 10, '2024-04-23 07:19:41', '2024-04-23 07:19:41'),
(180, 18, 6, 20, '2024-04-23 07:19:41', '2024-04-23 07:19:41'),
(181, 19, 5, 16, '2024-04-23 07:19:41', '2024-04-23 07:19:41'),
(182, 19, 8, 24, '2024-04-23 07:19:41', '2024-04-23 07:19:41'),
(183, 19, 4, 13, '2024-04-23 07:19:41', '2024-04-23 07:19:41'),
(184, 19, 1, 1, '2024-04-23 07:19:41', '2024-04-23 07:19:41'),
(185, 19, 2, 5, '2024-04-23 07:19:41', '2024-04-23 07:19:41'),
(186, 19, 10, 31, '2024-04-23 07:19:41', '2024-04-23 07:19:41'),
(187, 19, 9, 27, '2024-04-23 07:19:41', '2024-04-23 07:19:41'),
(188, 19, 7, 22, '2024-04-23 07:19:41', '2024-04-23 07:19:41'),
(189, 19, 3, 10, '2024-04-23 07:19:41', '2024-04-23 07:19:41'),
(190, 19, 6, 20, '2024-04-23 07:19:41', '2024-04-23 07:19:41'),
(191, 20, 5, 18, '2024-04-23 07:19:41', '2024-04-23 07:19:41'),
(192, 20, 8, 26, '2024-04-23 07:19:41', '2024-04-23 07:19:41'),
(193, 20, 4, 14, '2024-04-23 07:19:41', '2024-04-23 07:19:41'),
(194, 20, 1, 4, '2024-04-23 07:19:41', '2024-04-23 07:19:41'),
(195, 20, 2, 5, '2024-04-23 07:19:41', '2024-04-23 07:19:41'),
(196, 20, 10, 32, '2024-04-23 07:19:41', '2024-04-23 07:19:41'),
(197, 20, 9, 27, '2024-04-23 07:19:41', '2024-04-23 07:19:41'),
(198, 20, 7, 22, '2024-04-23 07:19:41', '2024-04-23 07:19:41'),
(199, 20, 3, 10, '2024-04-23 07:19:41', '2024-04-23 07:19:41'),
(200, 20, 6, 20, '2024-04-23 07:19:41', '2024-04-23 07:19:41'),
(201, 21, 5, 16, '2024-04-23 07:19:41', '2024-04-23 07:19:41'),
(202, 21, 8, 24, '2024-04-23 07:19:41', '2024-04-23 07:19:41'),
(203, 21, 4, 12, '2024-04-23 07:19:41', '2024-04-23 07:19:41'),
(204, 21, 1, 1, '2024-04-23 07:19:41', '2024-04-23 07:19:41'),
(205, 21, 2, 5, '2024-04-23 07:19:41', '2024-04-23 07:19:41'),
(206, 21, 10, 31, '2024-04-23 07:19:41', '2024-04-23 07:19:41'),
(207, 21, 9, 27, '2024-04-23 07:19:41', '2024-04-23 07:19:41'),
(208, 21, 7, 22, '2024-04-23 07:19:41', '2024-04-23 07:19:41'),
(209, 21, 3, 10, '2024-04-23 07:19:41', '2024-04-23 07:19:41'),
(210, 21, 6, 20, '2024-04-23 07:19:41', '2024-04-23 07:19:41'),
(211, 22, 5, 15, '2024-04-23 07:19:41', '2024-04-23 07:19:41'),
(212, 22, 8, 26, '2024-04-23 07:19:41', '2024-04-23 07:19:41'),
(213, 22, 4, 14, '2024-04-23 07:19:41', '2024-04-23 07:19:41'),
(214, 22, 1, 4, '2024-04-23 07:19:41', '2024-04-23 07:19:41'),
(215, 22, 2, 5, '2024-04-23 07:19:41', '2024-04-23 07:19:41'),
(216, 22, 10, 33, '2024-04-23 07:19:41', '2024-04-23 07:19:41'),
(217, 22, 9, 27, '2024-04-23 07:19:41', '2024-04-23 07:19:41'),
(218, 22, 7, 21, '2024-04-23 07:19:41', '2024-04-23 07:19:41'),
(219, 22, 3, 10, '2024-04-23 07:19:41', '2024-04-23 07:19:41'),
(220, 22, 6, 19, '2024-04-23 07:19:41', '2024-04-23 07:19:41'),
(221, 23, 5, 17, '2024-04-23 07:19:41', '2024-04-23 07:19:41'),
(222, 23, 8, 24, '2024-04-23 07:19:41', '2024-04-23 07:19:41'),
(223, 23, 4, 13, '2024-04-23 07:19:41', '2024-04-23 07:19:41'),
(224, 23, 1, 2, '2024-04-23 07:19:41', '2024-04-23 07:19:41'),
(225, 23, 2, 5, '2024-04-23 07:19:41', '2024-04-23 07:19:41'),
(226, 23, 10, 31, '2024-04-23 07:19:41', '2024-04-23 07:19:41'),
(227, 23, 9, 27, '2024-04-23 07:19:41', '2024-04-23 07:19:41'),
(228, 23, 7, 22, '2024-04-23 07:19:41', '2024-04-23 07:19:41'),
(229, 23, 3, 10, '2024-04-23 07:19:41', '2024-04-23 07:19:41'),
(230, 23, 6, 20, '2024-04-23 07:19:41', '2024-04-23 07:19:41'),
(231, 24, 5, 17, '2024-04-23 07:19:41', '2024-04-23 07:19:41'),
(232, 24, 8, 25, '2024-04-23 07:19:41', '2024-04-23 07:19:41'),
(233, 24, 4, 12, '2024-04-23 07:19:41', '2024-04-23 07:19:41'),
(234, 24, 1, 1, '2024-04-23 07:19:41', '2024-04-23 07:19:41'),
(235, 24, 2, 5, '2024-04-23 07:19:41', '2024-04-23 07:19:41'),
(236, 24, 10, 30, '2024-04-23 07:19:41', '2024-04-23 07:19:41'),
(237, 24, 9, 27, '2024-04-23 07:19:41', '2024-04-23 07:19:41'),
(238, 24, 7, 22, '2024-04-23 07:19:41', '2024-04-23 07:19:41'),
(239, 24, 3, 10, '2024-04-23 07:19:41', '2024-04-23 07:19:41'),
(240, 24, 6, 20, '2024-04-23 07:19:41', '2024-04-23 07:19:41'),
(241, 25, 5, 15, '2024-04-23 07:19:41', '2024-04-23 07:19:41'),
(242, 25, 8, 24, '2024-04-23 07:19:41', '2024-04-23 07:19:41'),
(243, 25, 4, 13, '2024-04-23 07:19:41', '2024-04-23 07:19:41'),
(244, 25, 1, 2, '2024-04-23 07:19:41', '2024-04-23 07:19:41'),
(245, 25, 2, 5, '2024-04-23 07:19:41', '2024-04-23 07:19:41'),
(246, 25, 10, 31, '2024-04-23 07:19:41', '2024-04-23 07:19:41'),
(247, 25, 9, 27, '2024-04-23 07:19:41', '2024-04-23 07:19:41'),
(248, 25, 7, 22, '2024-04-23 07:19:41', '2024-04-23 07:19:41'),
(249, 25, 3, 10, '2024-04-23 07:19:41', '2024-04-23 07:19:41'),
(250, 25, 6, 20, '2024-04-23 07:19:41', '2024-04-23 07:19:41'),
(251, 26, 5, 16, '2024-04-23 07:19:41', '2024-04-23 07:19:41'),
(252, 26, 8, 24, '2024-04-23 07:19:41', '2024-04-23 07:19:41'),
(253, 26, 4, 13, '2024-04-23 07:19:41', '2024-04-23 07:19:41'),
(254, 26, 1, 1, '2024-04-23 07:19:41', '2024-04-23 07:19:41'),
(255, 26, 2, 5, '2024-04-23 07:19:41', '2024-04-23 07:19:41'),
(256, 26, 10, 31, '2024-04-23 07:19:41', '2024-04-23 07:19:41'),
(257, 26, 9, 27, '2024-04-23 07:19:41', '2024-04-23 07:19:41'),
(258, 26, 7, 22, '2024-04-23 07:19:41', '2024-04-23 07:19:41'),
(259, 26, 3, 10, '2024-04-23 07:19:41', '2024-04-23 07:19:41'),
(260, 26, 6, 20, '2024-04-23 07:19:41', '2024-04-23 07:19:41'),
(261, 27, 5, 18, '2024-04-23 07:19:41', '2024-04-23 07:19:41'),
(262, 27, 8, 26, '2024-04-23 07:19:41', '2024-04-23 07:19:41'),
(263, 27, 4, 14, '2024-04-23 07:19:41', '2024-04-23 07:19:41'),
(264, 27, 1, 4, '2024-04-23 07:19:41', '2024-04-23 07:19:41'),
(265, 27, 2, 5, '2024-04-23 07:19:41', '2024-04-23 07:19:41'),
(266, 27, 10, 32, '2024-04-23 07:19:41', '2024-04-23 07:19:41'),
(267, 27, 9, 27, '2024-04-23 07:19:41', '2024-04-23 07:19:41'),
(268, 27, 7, 22, '2024-04-23 07:19:41', '2024-04-23 07:19:41'),
(269, 27, 3, 10, '2024-04-23 07:19:41', '2024-04-23 07:19:41'),
(270, 27, 6, 20, '2024-04-23 07:19:41', '2024-04-23 07:19:41'),
(271, 28, 5, 17, '2024-04-23 07:19:41', '2024-04-23 07:19:41'),
(272, 28, 8, 25, '2024-04-23 07:19:41', '2024-04-23 07:19:41'),
(273, 28, 4, 13, '2024-04-23 07:19:41', '2024-04-23 07:19:41'),
(274, 28, 1, 2, '2024-04-23 07:19:41', '2024-04-23 07:19:41'),
(275, 28, 2, 5, '2024-04-23 07:19:41', '2024-04-23 07:19:41'),
(276, 28, 10, 31, '2024-04-23 07:19:41', '2024-04-23 07:19:41'),
(277, 28, 9, 27, '2024-04-23 07:19:41', '2024-04-23 07:19:41'),
(278, 28, 7, 22, '2024-04-23 07:19:41', '2024-04-23 07:19:41'),
(279, 28, 3, 10, '2024-04-23 07:19:41', '2024-04-23 07:19:41'),
(280, 28, 6, 20, '2024-04-23 07:19:41', '2024-04-23 07:19:41'),
(281, 29, 5, 16, '2024-04-23 07:19:41', '2024-04-23 07:19:41'),
(282, 29, 8, 24, '2024-04-23 07:19:41', '2024-04-23 07:19:41'),
(283, 29, 4, 13, '2024-04-23 07:19:41', '2024-04-23 07:19:41'),
(284, 29, 1, 2, '2024-04-23 07:19:41', '2024-04-23 07:19:41'),
(285, 29, 2, 5, '2024-04-23 07:19:41', '2024-04-23 07:19:41'),
(286, 29, 10, 30, '2024-04-23 07:19:41', '2024-04-23 07:19:41'),
(287, 29, 9, 27, '2024-04-23 07:19:41', '2024-04-23 07:19:41'),
(288, 29, 7, 22, '2024-04-23 07:19:41', '2024-04-23 07:19:41'),
(289, 29, 3, 10, '2024-04-23 07:19:41', '2024-04-23 07:19:41'),
(290, 29, 6, 20, '2024-04-23 07:19:41', '2024-04-23 07:19:41'),
(291, 30, 5, 17, '2024-04-23 07:19:41', '2024-04-23 07:19:41'),
(292, 30, 8, 24, '2024-04-23 07:19:41', '2024-04-23 07:19:41'),
(293, 30, 4, 12, '2024-04-23 07:19:41', '2024-04-23 07:19:41'),
(294, 30, 1, 1, '2024-04-23 07:19:41', '2024-04-23 07:19:41'),
(295, 30, 2, 5, '2024-04-23 07:19:41', '2024-04-23 07:19:41'),
(296, 30, 10, 31, '2024-04-23 07:19:41', '2024-04-23 07:19:41'),
(297, 30, 9, 27, '2024-04-23 07:19:41', '2024-04-23 07:19:41'),
(298, 30, 7, 22, '2024-04-23 07:19:41', '2024-04-23 07:19:41'),
(299, 30, 3, 10, '2024-04-23 07:19:41', '2024-04-23 07:19:41'),
(300, 30, 6, 20, '2024-04-23 07:19:41', '2024-04-23 07:19:41'),
(301, 31, 5, 15, '2024-04-23 07:19:41', '2024-04-23 07:19:41'),
(302, 31, 8, 23, '2024-04-23 07:19:41', '2024-04-23 07:19:41'),
(303, 31, 4, 13, '2024-04-23 07:19:41', '2024-04-23 07:19:41'),
(304, 31, 1, 3, '2024-04-23 07:19:41', '2024-04-23 07:19:41'),
(305, 31, 2, 6, '2024-04-23 07:19:41', '2024-04-23 07:19:41'),
(306, 31, 10, 32, '2024-04-23 07:19:41', '2024-04-23 07:19:41'),
(307, 31, 9, 28, '2024-04-23 07:19:41', '2024-04-23 07:19:41'),
(308, 31, 7, 21, '2024-04-23 07:19:41', '2024-04-23 07:19:41'),
(309, 31, 3, 10, '2024-04-23 07:19:41', '2024-04-23 07:19:41'),
(310, 31, 6, 20, '2024-04-23 07:19:41', '2024-04-23 07:19:41'),
(311, 32, 5, 16, '2024-04-23 07:19:41', '2024-04-23 07:19:41'),
(312, 32, 8, 24, '2024-04-23 07:19:41', '2024-04-23 07:19:41'),
(313, 32, 4, 12, '2024-04-23 07:19:41', '2024-04-23 07:19:41'),
(314, 32, 1, 1, '2024-04-23 07:19:41', '2024-04-23 07:19:41'),
(315, 32, 2, 5, '2024-04-23 07:19:41', '2024-04-23 07:19:41'),
(316, 32, 10, 30, '2024-04-23 07:19:41', '2024-04-23 07:19:41'),
(317, 32, 9, 27, '2024-04-23 07:19:41', '2024-04-23 07:19:41'),
(318, 32, 7, 21, '2024-04-23 07:19:41', '2024-04-23 07:19:41'),
(319, 32, 3, 10, '2024-04-23 07:19:41', '2024-04-23 07:19:41'),
(320, 32, 6, 20, '2024-04-23 07:19:41', '2024-04-23 07:19:41'),
(321, 33, 5, 16, '2024-04-23 07:19:41', '2024-04-23 07:19:41'),
(322, 33, 8, 24, '2024-04-23 07:19:41', '2024-04-23 07:19:41'),
(323, 33, 4, 13, '2024-04-23 07:19:41', '2024-04-23 07:19:41'),
(324, 33, 1, 2, '2024-04-23 07:19:41', '2024-04-23 07:19:41'),
(325, 33, 2, 5, '2024-04-23 07:19:41', '2024-04-23 07:19:41'),
(326, 33, 10, 31, '2024-04-23 07:19:41', '2024-04-23 07:19:41'),
(327, 33, 9, 27, '2024-04-23 07:19:41', '2024-04-23 07:19:41'),
(328, 33, 7, 21, '2024-04-23 07:19:41', '2024-04-23 07:19:41'),
(329, 33, 3, 10, '2024-04-23 07:19:41', '2024-04-23 07:19:41'),
(330, 33, 6, 20, '2024-04-23 07:19:41', '2024-04-23 07:19:41'),
(331, 34, 5, 17, '2024-04-23 07:19:41', '2024-04-23 07:19:41'),
(332, 34, 8, 23, '2024-04-23 07:19:41', '2024-04-23 07:19:41'),
(333, 34, 4, 13, '2024-04-23 07:19:41', '2024-04-23 07:19:41'),
(334, 34, 1, 3, '2024-04-23 07:19:41', '2024-04-23 07:19:41'),
(335, 34, 2, 6, '2024-04-23 07:19:41', '2024-04-23 07:19:41'),
(336, 34, 10, 31, '2024-04-23 07:19:41', '2024-04-23 07:19:41'),
(337, 34, 9, 28, '2024-04-23 07:19:41', '2024-04-23 07:19:41'),
(338, 34, 7, 21, '2024-04-23 07:19:41', '2024-04-23 07:19:41'),
(339, 34, 3, 9, '2024-04-23 07:19:41', '2024-04-23 07:19:41'),
(340, 34, 6, 20, '2024-04-23 07:19:41', '2024-04-23 07:19:41'),
(341, 35, 5, 15, '2024-04-23 07:19:41', '2024-04-23 07:19:41'),
(342, 35, 8, 23, '2024-04-23 07:19:41', '2024-04-23 07:19:41'),
(343, 35, 4, 13, '2024-04-23 07:19:41', '2024-04-23 07:19:41'),
(344, 35, 1, 2, '2024-04-23 07:19:41', '2024-04-23 07:19:41'),
(345, 35, 2, 5, '2024-04-23 07:19:41', '2024-04-23 07:19:41'),
(346, 35, 10, 32, '2024-04-23 07:19:41', '2024-04-23 07:19:41'),
(347, 35, 9, 27, '2024-04-23 07:19:41', '2024-04-23 07:19:41'),
(348, 35, 7, 21, '2024-04-23 07:19:41', '2024-04-23 07:19:41'),
(349, 35, 3, 10, '2024-04-23 07:19:41', '2024-04-23 07:19:41'),
(350, 35, 6, 19, '2024-04-23 07:19:41', '2024-04-23 07:19:41'),
(351, 36, 5, 15, '2024-04-23 07:19:41', '2024-04-23 07:19:41'),
(352, 36, 8, 23, '2024-04-23 07:19:41', '2024-04-23 07:19:41'),
(353, 36, 4, 13, '2024-04-23 07:19:41', '2024-04-23 07:19:41'),
(354, 36, 1, 1, '2024-04-23 07:19:41', '2024-04-23 07:19:41'),
(355, 36, 2, 5, '2024-04-23 07:19:41', '2024-04-23 07:19:41'),
(356, 36, 10, 31, '2024-04-23 07:19:41', '2024-04-23 07:19:41'),
(357, 36, 9, 27, '2024-04-23 07:19:41', '2024-04-23 07:19:41'),
(358, 36, 7, 21, '2024-04-23 07:19:41', '2024-04-23 07:19:41'),
(359, 36, 3, 10, '2024-04-23 07:19:41', '2024-04-23 07:19:41'),
(360, 36, 6, 20, '2024-04-23 07:19:41', '2024-04-23 07:19:41'),
(361, 37, 5, 17, '2024-04-23 07:19:41', '2024-04-23 07:19:41'),
(362, 37, 8, 26, '2024-04-23 07:19:41', '2024-04-23 07:19:41'),
(363, 37, 4, 12, '2024-04-23 07:19:41', '2024-04-23 07:19:41'),
(364, 37, 1, 1, '2024-04-23 07:19:41', '2024-04-23 07:19:41'),
(365, 37, 2, 6, '2024-04-23 07:19:41', '2024-04-23 07:19:41'),
(366, 37, 10, 31, '2024-04-23 07:19:41', '2024-04-23 07:19:41'),
(367, 37, 9, 27, '2024-04-23 07:19:41', '2024-04-23 07:19:41'),
(368, 37, 7, 21, '2024-04-23 07:19:41', '2024-04-23 07:19:41'),
(369, 37, 3, 10, '2024-04-23 07:19:41', '2024-04-23 07:19:41'),
(370, 37, 6, 20, '2024-04-23 07:19:41', '2024-04-23 07:19:41'),
(371, 38, 5, 17, '2024-04-23 07:19:41', '2024-04-23 07:19:41'),
(372, 38, 8, 24, '2024-04-23 07:19:41', '2024-04-23 07:19:41'),
(373, 38, 4, 13, '2024-04-23 07:19:41', '2024-04-23 07:19:41'),
(374, 38, 1, 2, '2024-04-23 07:19:41', '2024-04-23 07:19:41'),
(375, 38, 2, 6, '2024-04-23 07:19:41', '2024-04-23 07:19:41'),
(376, 38, 10, 31, '2024-04-23 07:19:41', '2024-04-23 07:19:41'),
(377, 38, 9, 28, '2024-04-23 07:19:41', '2024-04-23 07:19:41'),
(378, 38, 7, 22, '2024-04-23 07:19:41', '2024-04-23 07:19:41'),
(379, 38, 3, 10, '2024-04-23 07:19:41', '2024-04-23 07:19:41'),
(380, 38, 6, 20, '2024-04-23 07:19:41', '2024-04-23 07:19:41'),
(381, 39, 5, 18, '2024-04-23 07:19:41', '2024-04-23 07:19:41'),
(382, 39, 8, 26, '2024-04-23 07:19:41', '2024-04-23 07:19:41'),
(383, 39, 4, 14, '2024-04-23 07:19:41', '2024-04-23 07:19:41'),
(384, 39, 1, 4, '2024-04-23 07:19:41', '2024-04-23 07:19:41'),
(385, 39, 2, 5, '2024-04-23 07:19:41', '2024-04-23 07:19:41'),
(386, 39, 10, 32, '2024-04-23 07:19:41', '2024-04-23 07:19:41'),
(387, 39, 9, 27, '2024-04-23 07:19:41', '2024-04-23 07:19:41'),
(388, 39, 7, 21, '2024-04-23 07:19:41', '2024-04-23 07:19:41'),
(389, 39, 3, 10, '2024-04-23 07:19:41', '2024-04-23 07:19:41'),
(390, 39, 6, 20, '2024-04-23 07:19:41', '2024-04-23 07:19:41'),
(391, 40, 5, 16, '2024-04-23 07:19:41', '2024-04-23 07:19:41'),
(392, 40, 8, 24, '2024-04-23 07:19:41', '2024-04-23 07:19:41'),
(393, 40, 4, 13, '2024-04-23 07:19:41', '2024-04-23 07:19:41'),
(394, 40, 1, 1, '2024-04-23 07:19:41', '2024-04-23 07:19:41'),
(395, 40, 2, 5, '2024-04-23 07:19:41', '2024-04-23 07:19:41'),
(396, 40, 10, 31, '2024-04-23 07:19:41', '2024-04-23 07:19:41'),
(397, 40, 9, 27, '2024-04-23 07:19:41', '2024-04-23 07:19:41'),
(398, 40, 7, 22, '2024-04-23 07:19:41', '2024-04-23 07:19:41'),
(399, 40, 3, 10, '2024-04-23 07:19:41', '2024-04-23 07:19:41'),
(400, 40, 6, 20, '2024-04-23 07:19:41', '2024-04-23 07:19:41'),
(401, 41, 5, 18, '2024-04-23 07:19:41', '2024-04-23 07:19:41'),
(402, 41, 8, 26, '2024-04-23 07:19:41', '2024-04-23 07:19:41'),
(403, 41, 4, 14, '2024-04-23 07:19:41', '2024-04-23 07:19:41'),
(404, 41, 1, 4, '2024-04-23 07:19:41', '2024-04-23 07:19:41'),
(405, 41, 2, 5, '2024-04-23 07:19:41', '2024-04-23 07:19:41'),
(406, 41, 10, 32, '2024-04-23 07:19:41', '2024-04-23 07:19:41'),
(407, 41, 9, 27, '2024-04-23 07:19:41', '2024-04-23 07:19:41'),
(408, 41, 7, 21, '2024-04-23 07:19:41', '2024-04-23 07:19:41'),
(409, 41, 3, 10, '2024-04-23 07:19:41', '2024-04-23 07:19:41'),
(410, 41, 6, 20, '2024-04-23 07:19:41', '2024-04-23 07:19:41'),
(411, 42, 5, 16, '2024-04-23 07:19:41', '2024-04-23 07:19:41'),
(412, 42, 8, 26, '2024-04-23 07:19:41', '2024-04-23 07:19:41'),
(413, 42, 4, 14, '2024-04-23 07:19:41', '2024-04-23 07:19:41'),
(414, 42, 1, 4, '2024-04-23 07:19:41', '2024-04-23 07:19:41'),
(415, 42, 2, 5, '2024-04-23 07:19:41', '2024-04-23 07:19:41'),
(416, 42, 10, 31, '2024-04-23 07:19:41', '2024-04-23 07:19:41'),
(417, 42, 9, 27, '2024-04-23 07:19:41', '2024-04-23 07:19:41'),
(418, 42, 7, 22, '2024-04-23 07:19:41', '2024-04-23 07:19:41'),
(419, 42, 3, 10, '2024-04-23 07:19:41', '2024-04-23 07:19:41'),
(420, 42, 6, 20, '2024-04-23 07:19:41', '2024-04-23 07:19:41'),
(421, 43, 5, 17, '2024-04-23 07:19:41', '2024-04-23 07:19:41'),
(422, 43, 8, 26, '2024-04-23 07:19:41', '2024-04-23 07:19:41'),
(423, 43, 4, 13, '2024-04-23 07:19:41', '2024-04-23 07:19:41'),
(424, 43, 1, 4, '2024-04-23 07:19:41', '2024-04-23 07:19:41'),
(425, 43, 2, 5, '2024-04-23 07:19:41', '2024-04-23 07:19:41'),
(426, 43, 10, 30, '2024-04-23 07:19:41', '2024-04-23 07:19:41'),
(427, 43, 9, 27, '2024-04-23 07:19:41', '2024-04-23 07:19:41'),
(428, 43, 7, 22, '2024-04-23 07:19:41', '2024-04-23 07:19:41'),
(429, 43, 3, 10, '2024-04-23 07:19:41', '2024-04-23 07:19:41'),
(430, 43, 6, 20, '2024-04-23 07:19:41', '2024-04-23 07:19:41'),
(431, 44, 5, 17, '2024-04-23 07:19:41', '2024-04-23 07:19:41'),
(432, 44, 8, 26, '2024-04-23 07:19:41', '2024-04-23 07:19:41'),
(433, 44, 4, 12, '2024-04-23 07:19:41', '2024-04-23 07:19:41'),
(434, 44, 1, 1, '2024-04-23 07:19:41', '2024-04-23 07:19:41'),
(435, 44, 2, 6, '2024-04-23 07:19:41', '2024-04-23 07:19:41'),
(436, 44, 10, 30, '2024-04-23 07:19:41', '2024-04-23 07:19:41'),
(437, 44, 9, 28, '2024-04-23 07:19:41', '2024-04-23 07:19:41'),
(438, 44, 7, 21, '2024-04-23 07:19:41', '2024-04-23 07:19:41'),
(439, 44, 3, 10, '2024-04-23 07:19:41', '2024-04-23 07:19:41'),
(440, 44, 6, 20, '2024-04-23 07:19:41', '2024-04-23 07:19:41'),
(441, 45, 5, 18, '2024-04-23 07:19:41', '2024-04-23 07:19:41'),
(442, 45, 8, 26, '2024-04-23 07:19:41', '2024-04-23 07:19:41'),
(443, 45, 4, 14, '2024-04-23 07:19:41', '2024-04-23 07:19:41'),
(444, 45, 1, 4, '2024-04-23 07:19:41', '2024-04-23 07:19:41'),
(445, 45, 2, 5, '2024-04-23 07:19:41', '2024-04-23 07:19:41'),
(446, 45, 10, 32, '2024-04-23 07:19:41', '2024-04-23 07:19:41'),
(447, 45, 9, 27, '2024-04-23 07:19:41', '2024-04-23 07:19:41'),
(448, 45, 7, 21, '2024-04-23 07:19:41', '2024-04-23 07:19:41'),
(449, 45, 3, 10, '2024-04-23 07:19:41', '2024-04-23 07:19:41'),
(450, 45, 6, 20, '2024-04-23 07:19:41', '2024-04-23 07:19:41'),
(451, 46, 5, 16, '2024-04-23 07:19:41', '2024-04-23 07:19:41'),
(452, 46, 8, 24, '2024-04-23 07:19:41', '2024-04-23 07:19:41'),
(453, 46, 4, 13, '2024-04-23 07:19:41', '2024-04-23 07:19:41'),
(454, 46, 1, 1, '2024-04-23 07:19:41', '2024-04-23 07:19:41'),
(455, 46, 2, 5, '2024-04-23 07:19:41', '2024-04-23 07:19:41'),
(456, 46, 10, 31, '2024-04-23 07:19:41', '2024-04-23 07:19:41'),
(457, 46, 9, 28, '2024-04-23 07:19:41', '2024-04-23 07:19:41'),
(458, 46, 7, 22, '2024-04-23 07:19:41', '2024-04-23 07:19:41'),
(459, 46, 3, 10, '2024-04-23 07:19:41', '2024-04-23 07:19:41'),
(460, 46, 6, 20, '2024-04-23 07:19:41', '2024-04-23 07:19:41'),
(461, 47, 5, 16, '2024-04-23 07:19:41', '2024-04-23 07:19:41'),
(462, 47, 8, 23, '2024-04-23 07:19:41', '2024-04-23 07:19:41'),
(463, 47, 4, 13, '2024-04-23 07:19:41', '2024-04-23 07:19:41'),
(464, 47, 1, 2, '2024-04-23 07:19:41', '2024-04-23 07:19:41'),
(465, 47, 2, 5, '2024-04-23 07:19:41', '2024-04-23 07:19:41'),
(466, 47, 10, 31, '2024-04-23 07:19:41', '2024-04-23 07:19:41'),
(467, 47, 9, 28, '2024-04-23 07:19:41', '2024-04-23 07:19:41'),
(468, 47, 7, 21, '2024-04-23 07:19:41', '2024-04-23 07:19:41'),
(469, 47, 3, 10, '2024-04-23 07:19:41', '2024-04-23 07:19:41'),
(470, 47, 6, 20, '2024-04-23 07:19:41', '2024-04-23 07:19:41'),
(471, 48, 5, 16, '2024-04-23 07:19:41', '2024-04-23 07:19:41'),
(472, 48, 8, 26, '2024-04-23 07:19:41', '2024-04-23 07:19:41'),
(473, 48, 4, 13, '2024-04-23 07:19:41', '2024-04-23 07:19:41'),
(474, 48, 1, 2, '2024-04-23 07:19:41', '2024-04-23 07:19:41'),
(475, 48, 2, 5, '2024-04-23 07:19:41', '2024-04-23 07:19:41'),
(476, 48, 10, 32, '2024-04-23 07:19:41', '2024-04-23 07:19:41'),
(477, 48, 9, 27, '2024-04-23 07:19:41', '2024-04-23 07:19:41'),
(478, 48, 7, 22, '2024-04-23 07:19:41', '2024-04-23 07:19:41'),
(479, 48, 3, 10, '2024-04-23 07:19:41', '2024-04-23 07:19:41'),
(480, 48, 6, 20, '2024-04-23 07:19:41', '2024-04-23 07:19:41'),
(481, 49, 5, 15, '2024-04-23 07:19:41', '2024-04-23 07:19:41'),
(482, 49, 8, 23, '2024-04-23 07:19:41', '2024-04-23 07:19:41'),
(483, 49, 4, 13, '2024-04-23 07:19:41', '2024-04-23 07:19:41'),
(484, 49, 1, 2, '2024-04-23 07:19:41', '2024-04-23 07:19:41'),
(485, 49, 2, 5, '2024-04-23 07:19:41', '2024-04-23 07:19:41'),
(486, 49, 10, 30, '2024-04-23 07:19:41', '2024-04-23 07:19:41'),
(487, 49, 9, 27, '2024-04-23 07:19:41', '2024-04-23 07:19:41'),
(488, 49, 7, 22, '2024-04-23 07:19:41', '2024-04-23 07:19:41'),
(489, 49, 3, 10, '2024-04-23 07:19:41', '2024-04-23 07:19:41'),
(490, 49, 6, 20, '2024-04-23 07:19:41', '2024-04-23 07:19:41'),
(491, 50, 5, 18, '2024-04-23 07:19:41', '2024-04-23 07:19:41'),
(492, 50, 8, 26, '2024-04-23 07:19:41', '2024-04-23 07:19:41'),
(493, 50, 4, 14, '2024-04-23 07:19:41', '2024-04-23 07:19:41'),
(494, 50, 1, 4, '2024-04-23 07:19:41', '2024-04-23 07:19:41'),
(495, 50, 2, 5, '2024-04-23 07:19:41', '2024-04-23 07:19:41'),
(496, 50, 10, 32, '2024-04-23 07:19:41', '2024-04-23 07:19:41'),
(497, 50, 9, 27, '2024-04-23 07:19:41', '2024-04-23 07:19:41'),
(498, 50, 7, 22, '2024-04-23 07:19:41', '2024-04-23 07:19:41'),
(499, 50, 3, 10, '2024-04-23 07:19:41', '2024-04-23 07:19:41'),
(500, 50, 6, 20, '2024-04-23 07:19:41', '2024-04-23 07:19:41'),
(501, 51, 5, 16, '2024-04-23 07:19:41', '2024-04-23 07:19:41'),
(502, 51, 8, 24, '2024-04-23 07:19:41', '2024-04-23 07:19:41'),
(503, 51, 4, 12, '2024-04-23 07:19:41', '2024-04-23 07:19:41'),
(504, 51, 1, 1, '2024-04-23 07:19:41', '2024-04-23 07:19:41'),
(505, 51, 2, 5, '2024-04-23 07:19:41', '2024-04-23 07:19:41'),
(506, 51, 10, 31, '2024-04-23 07:19:41', '2024-04-23 07:19:41'),
(507, 51, 9, 27, '2024-04-23 07:19:41', '2024-04-23 07:19:41'),
(508, 51, 7, 22, '2024-04-23 07:19:41', '2024-04-23 07:19:41'),
(509, 51, 3, 10, '2024-04-23 07:19:41', '2024-04-23 07:19:41'),
(510, 51, 6, 20, '2024-04-23 07:19:41', '2024-04-23 07:19:41'),
(511, 52, 5, 16, '2024-04-23 07:19:41', '2024-04-23 07:19:41'),
(512, 52, 8, 23, '2024-04-23 07:19:41', '2024-04-23 07:19:41'),
(513, 52, 4, 12, '2024-04-23 07:19:41', '2024-04-23 07:19:41'),
(514, 52, 1, 1, '2024-04-23 07:19:41', '2024-04-23 07:19:41'),
(515, 52, 2, 5, '2024-04-23 07:19:41', '2024-04-23 07:19:41'),
(516, 52, 10, 30, '2024-04-23 07:19:41', '2024-04-23 07:19:41'),
(517, 52, 9, 27, '2024-04-23 07:19:41', '2024-04-23 07:19:41'),
(518, 52, 7, 21, '2024-04-23 07:19:41', '2024-04-23 07:19:41'),
(519, 52, 3, 10, '2024-04-23 07:19:41', '2024-04-23 07:19:41'),
(520, 52, 6, 20, '2024-04-23 07:19:41', '2024-04-23 07:19:41'),
(521, 53, 5, 16, '2024-04-23 07:19:41', '2024-04-23 07:19:41'),
(522, 53, 8, 23, '2024-04-23 07:19:41', '2024-04-23 07:19:41'),
(523, 53, 4, 13, '2024-04-23 07:19:41', '2024-04-23 07:19:41'),
(524, 53, 1, 3, '2024-04-23 07:19:41', '2024-04-23 07:19:41'),
(525, 53, 2, 6, '2024-04-23 07:19:41', '2024-04-23 07:19:41'),
(526, 53, 10, 31, '2024-04-23 07:19:41', '2024-04-23 07:19:41'),
(527, 53, 9, 28, '2024-04-23 07:19:41', '2024-04-23 07:19:41'),
(528, 53, 7, 21, '2024-04-23 07:19:41', '2024-04-23 07:19:41'),
(529, 53, 3, 9, '2024-04-23 07:19:41', '2024-04-23 07:19:41'),
(530, 53, 6, 20, '2024-04-23 07:19:41', '2024-04-23 07:19:41'),
(531, 54, 5, 15, '2024-04-23 07:19:41', '2024-04-23 07:19:41'),
(532, 54, 8, 24, '2024-04-23 07:19:41', '2024-04-23 07:19:41'),
(533, 54, 4, 13, '2024-04-23 07:19:41', '2024-04-23 07:19:41'),
(534, 54, 1, 1, '2024-04-23 07:19:41', '2024-04-23 07:19:41'),
(535, 54, 2, 5, '2024-04-23 07:19:41', '2024-04-23 07:19:41'),
(536, 54, 10, 30, '2024-04-23 07:19:41', '2024-04-23 07:19:41'),
(537, 54, 9, 27, '2024-04-23 07:19:41', '2024-04-23 07:19:41'),
(538, 54, 7, 21, '2024-04-23 07:19:41', '2024-04-23 07:19:41'),
(539, 54, 3, 10, '2024-04-23 07:19:41', '2024-04-23 07:19:41'),
(540, 54, 6, 20, '2024-04-23 07:19:42', '2024-04-23 07:19:42'),
(541, 55, 5, 16, '2024-04-23 07:19:42', '2024-04-23 07:19:42'),
(542, 55, 8, 24, '2024-04-23 07:19:42', '2024-04-23 07:19:42'),
(543, 55, 4, 13, '2024-04-23 07:19:42', '2024-04-23 07:19:42'),
(544, 55, 1, 2, '2024-04-23 07:19:42', '2024-04-23 07:19:42'),
(545, 55, 2, 5, '2024-04-23 07:19:42', '2024-04-23 07:19:42'),
(546, 55, 10, 30, '2024-04-23 07:19:42', '2024-04-23 07:19:42'),
(547, 55, 9, 27, '2024-04-23 07:19:42', '2024-04-23 07:19:42'),
(548, 55, 7, 22, '2024-04-23 07:19:42', '2024-04-23 07:19:42'),
(549, 55, 3, 10, '2024-04-23 07:19:42', '2024-04-23 07:19:42'),
(550, 55, 6, 20, '2024-04-23 07:19:42', '2024-04-23 07:19:42'),
(551, 56, 5, 18, '2024-04-23 07:19:42', '2024-04-23 07:19:42'),
(552, 56, 8, 26, '2024-04-23 07:19:42', '2024-04-23 07:19:42'),
(553, 56, 4, 14, '2024-04-23 07:19:42', '2024-04-23 07:19:42'),
(554, 56, 1, 4, '2024-04-23 07:19:42', '2024-04-23 07:19:42'),
(555, 56, 2, 5, '2024-04-23 07:19:42', '2024-04-23 07:19:42'),
(556, 56, 10, 32, '2024-04-23 07:19:42', '2024-04-23 07:19:42'),
(557, 56, 9, 27, '2024-04-23 07:19:42', '2024-04-23 07:19:42'),
(558, 56, 7, 22, '2024-04-23 07:19:42', '2024-04-23 07:19:42'),
(559, 56, 3, 10, '2024-04-23 07:19:42', '2024-04-23 07:19:42'),
(560, 56, 6, 20, '2024-04-23 07:19:42', '2024-04-23 07:19:42'),
(561, 57, 5, 15, '2024-04-23 07:19:42', '2024-04-23 07:19:42'),
(562, 57, 8, 23, '2024-04-23 07:19:42', '2024-04-23 07:19:42'),
(563, 57, 4, 13, '2024-04-23 07:19:42', '2024-04-23 07:19:42'),
(564, 57, 1, 2, '2024-04-23 07:19:42', '2024-04-23 07:19:42'),
(565, 57, 2, 5, '2024-04-23 07:19:42', '2024-04-23 07:19:42'),
(566, 57, 10, 31, '2024-04-23 07:19:42', '2024-04-23 07:19:42'),
(567, 57, 9, 28, '2024-04-23 07:19:42', '2024-04-23 07:19:42'),
(568, 57, 7, 21, '2024-04-23 07:19:42', '2024-04-23 07:19:42'),
(569, 57, 3, 10, '2024-04-23 07:19:42', '2024-04-23 07:19:42'),
(570, 57, 6, 20, '2024-04-23 07:19:42', '2024-04-23 07:19:42'),
(571, 58, 5, 18, '2024-04-23 07:19:42', '2024-04-23 07:19:42'),
(572, 58, 8, 26, '2024-04-23 07:19:42', '2024-04-23 07:19:42'),
(573, 58, 4, 14, '2024-04-23 07:19:42', '2024-04-23 07:19:42'),
(574, 58, 1, 4, '2024-04-23 07:19:42', '2024-04-23 07:19:42'),
(575, 58, 2, 5, '2024-04-23 07:19:42', '2024-04-23 07:19:42'),
(576, 58, 10, 32, '2024-04-23 07:19:42', '2024-04-23 07:19:42'),
(577, 58, 9, 27, '2024-04-23 07:19:42', '2024-04-23 07:19:42'),
(578, 58, 7, 22, '2024-04-23 07:19:42', '2024-04-23 07:19:42'),
(579, 58, 3, 10, '2024-04-23 07:19:42', '2024-04-23 07:19:42'),
(580, 58, 6, 20, '2024-04-23 07:19:42', '2024-04-23 07:19:42'),
(581, 59, 5, 16, '2024-04-23 07:19:42', '2024-04-23 07:19:42'),
(582, 59, 8, 24, '2024-04-23 07:19:42', '2024-04-23 07:19:42'),
(583, 59, 4, 13, '2024-04-23 07:19:42', '2024-04-23 07:19:42'),
(584, 59, 1, 1, '2024-04-23 07:19:42', '2024-04-23 07:19:42'),
(585, 59, 2, 5, '2024-04-23 07:19:42', '2024-04-23 07:19:42'),
(586, 59, 10, 30, '2024-04-23 07:19:42', '2024-04-23 07:19:42'),
(587, 59, 9, 27, '2024-04-23 07:19:42', '2024-04-23 07:19:42'),
(588, 59, 7, 21, '2024-04-23 07:19:42', '2024-04-23 07:19:42'),
(589, 59, 3, 10, '2024-04-23 07:19:42', '2024-04-23 07:19:42'),
(590, 59, 6, 20, '2024-04-23 07:19:42', '2024-04-23 07:19:42'),
(591, 60, 5, 16, '2024-04-23 07:19:42', '2024-04-23 07:19:42'),
(592, 60, 8, 23, '2024-04-23 07:19:42', '2024-04-23 07:19:42'),
(593, 60, 4, 13, '2024-04-23 07:19:42', '2024-04-23 07:19:42'),
(594, 60, 1, 3, '2024-04-23 07:19:42', '2024-04-23 07:19:42'),
(595, 60, 2, 6, '2024-04-23 07:19:42', '2024-04-23 07:19:42'),
(596, 60, 10, 31, '2024-04-23 07:19:42', '2024-04-23 07:19:42'),
(597, 60, 9, 28, '2024-04-23 07:19:42', '2024-04-23 07:19:42'),
(598, 60, 7, 21, '2024-04-23 07:19:42', '2024-04-23 07:19:42'),
(599, 60, 3, 9, '2024-04-23 07:19:42', '2024-04-23 07:19:42'),
(600, 60, 6, 20, '2024-04-23 07:19:42', '2024-04-23 07:19:42'),
(601, 61, 5, 17, '2024-04-23 07:19:42', '2024-04-23 07:19:42'),
(602, 61, 8, 26, '2024-04-23 07:19:42', '2024-04-23 07:19:42'),
(603, 61, 4, 11, '2024-04-23 07:19:42', '2024-04-23 07:19:42'),
(604, 61, 1, 1, '2024-04-23 07:19:42', '2024-04-23 07:19:42'),
(605, 61, 2, 5, '2024-04-23 07:19:42', '2024-04-23 07:19:42'),
(606, 61, 10, 30, '2024-04-23 07:19:42', '2024-04-23 07:19:42'),
(607, 61, 9, 28, '2024-04-23 07:19:42', '2024-04-23 07:19:42'),
(608, 61, 7, 21, '2024-04-23 07:19:42', '2024-04-23 07:19:42'),
(609, 61, 3, 10, '2024-04-23 07:19:42', '2024-04-23 07:19:42'),
(610, 61, 6, 20, '2024-04-23 07:19:42', '2024-04-23 07:19:42'),
(611, 62, 5, 16, '2024-04-23 07:19:42', '2024-04-23 07:19:42'),
(612, 62, 8, 24, '2024-04-23 07:19:42', '2024-04-23 07:19:42'),
(613, 62, 4, 13, '2024-04-23 07:19:42', '2024-04-23 07:19:42'),
(614, 62, 1, 1, '2024-04-23 07:19:42', '2024-04-23 07:19:42'),
(615, 62, 2, 5, '2024-04-23 07:19:42', '2024-04-23 07:19:42'),
(616, 62, 10, 30, '2024-04-23 07:19:42', '2024-04-23 07:19:42'),
(617, 62, 9, 27, '2024-04-23 07:19:42', '2024-04-23 07:19:42'),
(618, 62, 7, 22, '2024-04-23 07:19:42', '2024-04-23 07:19:42'),
(619, 62, 3, 10, '2024-04-23 07:19:42', '2024-04-23 07:19:42'),
(620, 62, 6, 20, '2024-04-23 07:19:42', '2024-04-23 07:19:42'),
(621, 63, 5, 18, '2024-04-23 07:19:42', '2024-04-23 07:19:42'),
(622, 63, 8, 26, '2024-04-23 07:19:42', '2024-04-23 07:19:42'),
(623, 63, 4, 14, '2024-04-23 07:19:42', '2024-04-23 07:19:42'),
(624, 63, 1, 4, '2024-04-23 07:19:42', '2024-04-23 07:19:42'),
(625, 63, 2, 5, '2024-04-23 07:19:42', '2024-04-23 07:19:42'),
(626, 63, 10, 31, '2024-04-23 07:19:42', '2024-04-23 07:19:42'),
(627, 63, 9, 27, '2024-04-23 07:19:42', '2024-04-23 07:19:42'),
(628, 63, 7, 21, '2024-04-23 07:19:42', '2024-04-23 07:19:42'),
(629, 63, 3, 10, '2024-04-23 07:19:42', '2024-04-23 07:19:42'),
(630, 63, 6, 20, '2024-04-23 07:19:42', '2024-04-23 07:19:42'),
(631, 64, 5, 16, '2024-04-23 07:19:42', '2024-04-23 07:19:42'),
(632, 64, 8, 24, '2024-04-23 07:19:42', '2024-04-23 07:19:42'),
(633, 64, 4, 13, '2024-04-23 07:19:42', '2024-04-23 07:19:42'),
(634, 64, 1, 1, '2024-04-23 07:19:42', '2024-04-23 07:19:42'),
(635, 64, 2, 5, '2024-04-23 07:19:42', '2024-04-23 07:19:42'),
(636, 64, 10, 30, '2024-04-23 07:19:42', '2024-04-23 07:19:42'),
(637, 64, 9, 27, '2024-04-23 07:19:42', '2024-04-23 07:19:42'),
(638, 64, 7, 21, '2024-04-23 07:19:42', '2024-04-23 07:19:42'),
(639, 64, 3, 10, '2024-04-23 07:19:42', '2024-04-23 07:19:42'),
(640, 64, 6, 20, '2024-04-23 07:19:42', '2024-04-23 07:19:42'),
(641, 65, 5, 17, '2024-04-23 07:19:42', '2024-04-23 07:19:42'),
(642, 65, 8, 23, '2024-04-23 07:19:42', '2024-04-23 07:19:42'),
(643, 65, 4, 12, '2024-04-23 07:19:42', '2024-04-23 07:19:42'),
(644, 65, 1, 1, '2024-04-23 07:19:42', '2024-04-23 07:19:42'),
(645, 65, 2, 5, '2024-04-23 07:19:42', '2024-04-23 07:19:42'),
(646, 65, 10, 31, '2024-04-23 07:19:42', '2024-04-23 07:19:42'),
(647, 65, 9, 27, '2024-04-23 07:19:42', '2024-04-23 07:19:42'),
(648, 65, 7, 21, '2024-04-23 07:19:42', '2024-04-23 07:19:42'),
(649, 65, 3, 10, '2024-04-23 07:19:42', '2024-04-23 07:19:42'),
(650, 65, 6, 20, '2024-04-23 07:19:42', '2024-04-23 07:19:42'),
(651, 66, 5, 15, '2024-04-23 07:19:42', '2024-04-23 07:19:42'),
(652, 66, 8, 23, '2024-04-23 07:19:42', '2024-04-23 07:19:42'),
(653, 66, 4, 13, '2024-04-23 07:19:42', '2024-04-23 07:19:42'),
(654, 66, 1, 3, '2024-04-23 07:19:42', '2024-04-23 07:19:42'),
(655, 66, 2, 5, '2024-04-23 07:19:42', '2024-04-23 07:19:42'),
(656, 66, 10, 32, '2024-04-23 07:19:42', '2024-04-23 07:19:42'),
(657, 66, 9, 28, '2024-04-23 07:19:42', '2024-04-23 07:19:42'),
(658, 66, 7, 21, '2024-04-23 07:19:42', '2024-04-23 07:19:42'),
(659, 66, 3, 9, '2024-04-23 07:19:42', '2024-04-23 07:19:42'),
(660, 66, 6, 20, '2024-04-23 07:19:42', '2024-04-23 07:19:42'),
(661, 67, 5, 16, '2024-04-23 07:19:42', '2024-04-23 07:19:42'),
(662, 67, 8, 24, '2024-04-23 07:19:42', '2024-04-23 07:19:42'),
(663, 67, 4, 13, '2024-04-23 07:19:42', '2024-04-23 07:19:42'),
(664, 67, 1, 2, '2024-04-23 07:19:42', '2024-04-23 07:19:42'),
(665, 67, 2, 6, '2024-04-23 07:19:42', '2024-04-23 07:19:42'),
(666, 67, 10, 31, '2024-04-23 07:19:42', '2024-04-23 07:19:42'),
(667, 67, 9, 28, '2024-04-23 07:19:42', '2024-04-23 07:19:42'),
(668, 67, 7, 21, '2024-04-23 07:19:42', '2024-04-23 07:19:42'),
(669, 67, 3, 10, '2024-04-23 07:19:42', '2024-04-23 07:19:42'),
(670, 67, 6, 20, '2024-04-23 07:19:42', '2024-04-23 07:19:42'),
(671, 68, 5, 15, '2024-04-23 07:19:42', '2024-04-23 07:19:42'),
(672, 68, 8, 26, '2024-04-23 07:19:42', '2024-04-23 07:19:42'),
(673, 68, 4, 13, '2024-04-23 07:19:42', '2024-04-23 07:19:42'),
(674, 68, 1, 2, '2024-04-23 07:19:42', '2024-04-23 07:19:42'),
(675, 68, 2, 5, '2024-04-23 07:19:42', '2024-04-23 07:19:42'),
(676, 68, 10, 31, '2024-04-23 07:19:42', '2024-04-23 07:19:42'),
(677, 68, 9, 27, '2024-04-23 07:19:42', '2024-04-23 07:19:42'),
(678, 68, 7, 22, '2024-04-23 07:19:42', '2024-04-23 07:19:42'),
(679, 68, 3, 10, '2024-04-23 07:19:42', '2024-04-23 07:19:42'),
(680, 68, 6, 20, '2024-04-23 07:19:42', '2024-04-23 07:19:42'),
(681, 69, 5, 15, '2024-04-23 07:19:42', '2024-04-23 07:19:42'),
(682, 69, 8, 23, '2024-04-23 07:19:42', '2024-04-23 07:19:42'),
(683, 69, 4, 13, '2024-04-23 07:19:42', '2024-04-23 07:19:42'),
(684, 69, 1, 2, '2024-04-23 07:19:42', '2024-04-23 07:19:42'),
(685, 69, 2, 5, '2024-04-23 07:19:42', '2024-04-23 07:19:42'),
(686, 69, 10, 31, '2024-04-23 07:19:42', '2024-04-23 07:19:42'),
(687, 69, 9, 27, '2024-04-23 07:19:42', '2024-04-23 07:19:42'),
(688, 69, 7, 21, '2024-04-23 07:19:42', '2024-04-23 07:19:42'),
(689, 69, 3, 10, '2024-04-23 07:19:42', '2024-04-23 07:19:42'),
(690, 69, 6, 20, '2024-04-23 07:19:42', '2024-04-23 07:19:42'),
(691, 70, 5, 15, '2024-04-23 07:19:42', '2024-04-23 07:19:42'),
(692, 70, 8, 24, '2024-04-23 07:19:42', '2024-04-23 07:19:42'),
(693, 70, 4, 13, '2024-04-23 07:19:42', '2024-04-23 07:19:42'),
(694, 70, 1, 2, '2024-04-23 07:19:42', '2024-04-23 07:19:42'),
(695, 70, 2, 5, '2024-04-23 07:19:42', '2024-04-23 07:19:42'),
(696, 70, 10, 31, '2024-04-23 07:19:42', '2024-04-23 07:19:42'),
(697, 70, 9, 28, '2024-04-23 07:19:42', '2024-04-23 07:19:42'),
(698, 70, 7, 21, '2024-04-23 07:19:42', '2024-04-23 07:19:42'),
(699, 70, 3, 10, '2024-04-23 07:19:42', '2024-04-23 07:19:42'),
(700, 70, 6, 20, '2024-04-23 07:19:42', '2024-04-23 07:19:42'),
(701, 71, 5, 15, '2024-04-23 07:19:42', '2024-04-23 07:19:42'),
(702, 71, 8, 23, '2024-04-23 07:19:42', '2024-04-23 07:19:42'),
(703, 71, 4, 13, '2024-04-23 07:19:42', '2024-04-23 07:19:42'),
(704, 71, 1, 3, '2024-04-23 07:19:42', '2024-04-23 07:19:42'),
(705, 71, 2, 6, '2024-04-23 07:19:42', '2024-04-23 07:19:42'),
(706, 71, 10, 32, '2024-04-23 07:19:42', '2024-04-23 07:19:42'),
(707, 71, 9, 27, '2024-04-23 07:19:42', '2024-04-23 07:19:42'),
(708, 71, 7, 21, '2024-04-23 07:19:42', '2024-04-23 07:19:42'),
(709, 71, 3, 10, '2024-04-23 07:19:42', '2024-04-23 07:19:42'),
(710, 71, 6, 20, '2024-04-23 07:19:42', '2024-04-23 07:19:42'),
(711, 72, 5, 15, '2024-04-23 07:19:42', '2024-04-23 07:19:42'),
(712, 72, 8, 24, '2024-04-23 07:19:42', '2024-04-23 07:19:42'),
(713, 72, 4, 13, '2024-04-23 07:19:42', '2024-04-23 07:19:42'),
(714, 72, 1, 2, '2024-04-23 07:19:42', '2024-04-23 07:19:42'),
(715, 72, 2, 5, '2024-04-23 07:19:42', '2024-04-23 07:19:42'),
(716, 72, 10, 32, '2024-04-23 07:19:42', '2024-04-23 07:19:42'),
(717, 72, 9, 27, '2024-04-23 07:19:42', '2024-04-23 07:19:42'),
(718, 72, 7, 21, '2024-04-23 07:19:42', '2024-04-23 07:19:42'),
(719, 72, 3, 10, '2024-04-23 07:19:42', '2024-04-23 07:19:42'),
(720, 72, 6, 20, '2024-04-23 07:19:42', '2024-04-23 07:19:42'),
(721, 73, 5, 15, '2024-04-23 07:19:42', '2024-04-23 07:19:42'),
(722, 73, 8, 23, '2024-04-23 07:19:42', '2024-04-23 07:19:42'),
(723, 73, 4, 13, '2024-04-23 07:19:42', '2024-04-23 07:19:42'),
(724, 73, 1, 2, '2024-04-23 07:19:42', '2024-04-23 07:19:42'),
(725, 73, 2, 5, '2024-04-23 07:19:42', '2024-04-23 07:19:42'),
(726, 73, 10, 31, '2024-04-23 07:19:42', '2024-04-23 07:19:42'),
(727, 73, 9, 27, '2024-04-23 07:19:42', '2024-04-23 07:19:42'),
(728, 73, 7, 21, '2024-04-23 07:19:42', '2024-04-23 07:19:42'),
(729, 73, 3, 10, '2024-04-23 07:19:42', '2024-04-23 07:19:42'),
(730, 73, 6, 20, '2024-04-23 07:19:42', '2024-04-23 07:19:42'),
(731, 74, 5, 16, '2024-04-23 07:19:42', '2024-04-23 07:19:42'),
(732, 74, 8, 24, '2024-04-23 07:19:42', '2024-04-23 07:19:42'),
(733, 74, 4, 13, '2024-04-23 07:19:42', '2024-04-23 07:19:42'),
(734, 74, 1, 2, '2024-04-23 07:19:42', '2024-04-23 07:19:42'),
(735, 74, 2, 5, '2024-04-23 07:19:42', '2024-04-23 07:19:42'),
(736, 74, 10, 31, '2024-04-23 07:19:42', '2024-04-23 07:19:42'),
(737, 74, 9, 27, '2024-04-23 07:19:42', '2024-04-23 07:19:42'),
(738, 74, 7, 22, '2024-04-23 07:19:42', '2024-04-23 07:19:42'),
(739, 74, 3, 10, '2024-04-23 07:19:42', '2024-04-23 07:19:42'),
(740, 74, 6, 20, '2024-04-23 07:19:42', '2024-04-23 07:19:42'),
(741, 75, 5, 15, '2024-04-23 07:19:42', '2024-04-23 07:19:42'),
(742, 75, 8, 23, '2024-04-23 07:19:42', '2024-04-23 07:19:42'),
(743, 75, 4, 13, '2024-04-23 07:19:42', '2024-04-23 07:19:42'),
(744, 75, 1, 2, '2024-04-23 07:19:42', '2024-04-23 07:19:42'),
(745, 75, 2, 5, '2024-04-23 07:19:42', '2024-04-23 07:19:42'),
(746, 75, 10, 31, '2024-04-23 07:19:42', '2024-04-23 07:19:42'),
(747, 75, 9, 28, '2024-04-23 07:19:42', '2024-04-23 07:19:42'),
(748, 75, 7, 21, '2024-04-23 07:19:42', '2024-04-23 07:19:42'),
(749, 75, 3, 10, '2024-04-23 07:19:42', '2024-04-23 07:19:42'),
(750, 75, 6, 20, '2024-04-23 07:19:42', '2024-04-23 07:19:42'),
(751, 76, 5, 15, '2024-04-23 07:19:42', '2024-04-23 07:19:42'),
(752, 76, 8, 23, '2024-04-23 07:19:42', '2024-04-23 07:19:42'),
(753, 76, 4, 13, '2024-04-23 07:19:42', '2024-04-23 07:19:42'),
(754, 76, 1, 2, '2024-04-23 07:19:42', '2024-04-23 07:19:42'),
(755, 76, 2, 5, '2024-04-23 07:19:42', '2024-04-23 07:19:42'),
(756, 76, 10, 31, '2024-04-23 07:19:42', '2024-04-23 07:19:42'),
(757, 76, 9, 27, '2024-04-23 07:19:42', '2024-04-23 07:19:42'),
(758, 76, 7, 21, '2024-04-23 07:19:42', '2024-04-23 07:19:42'),
(759, 76, 3, 10, '2024-04-23 07:19:42', '2024-04-23 07:19:42'),
(760, 76, 6, 20, '2024-04-23 07:19:42', '2024-04-23 07:19:42'),
(761, 77, 5, 15, '2024-04-23 07:19:42', '2024-04-23 07:19:42'),
(762, 77, 8, 24, '2024-04-23 07:19:42', '2024-04-23 07:19:42'),
(763, 77, 4, 13, '2024-04-23 07:19:42', '2024-04-23 07:19:42'),
(764, 77, 1, 2, '2024-04-23 07:19:42', '2024-04-23 07:19:42'),
(765, 77, 2, 5, '2024-04-23 07:19:42', '2024-04-23 07:19:42'),
(766, 77, 10, 31, '2024-04-23 07:19:42', '2024-04-23 07:19:42'),
(767, 77, 9, 27, '2024-04-23 07:19:42', '2024-04-23 07:19:42'),
(768, 77, 7, 22, '2024-04-23 07:19:42', '2024-04-23 07:19:42'),
(769, 77, 3, 10, '2024-04-23 07:19:42', '2024-04-23 07:19:42'),
(770, 77, 6, 20, '2024-04-23 07:19:42', '2024-04-23 07:19:42'),
(771, 78, 5, 16, '2024-04-23 07:19:42', '2024-04-23 07:19:42'),
(772, 78, 8, 26, '2024-04-23 07:19:42', '2024-04-23 07:19:42'),
(773, 78, 4, 13, '2024-04-23 07:19:42', '2024-04-23 07:19:42'),
(774, 78, 1, 3, '2024-04-23 07:19:42', '2024-04-23 07:19:42'),
(775, 78, 2, 5, '2024-04-23 07:19:42', '2024-04-23 07:19:42'),
(776, 78, 10, 32, '2024-04-23 07:19:42', '2024-04-23 07:19:42'),
(777, 78, 9, 27, '2024-04-23 07:19:42', '2024-04-23 07:19:42'),
(778, 78, 7, 22, '2024-04-23 07:19:42', '2024-04-23 07:19:42'),
(779, 78, 3, 10, '2024-04-23 07:19:42', '2024-04-23 07:19:42'),
(780, 78, 6, 20, '2024-04-23 07:19:42', '2024-04-23 07:19:42'),
(781, 79, 5, 15, '2024-04-23 07:19:42', '2024-04-23 07:19:42'),
(782, 79, 8, 23, '2024-04-23 07:19:42', '2024-04-23 07:19:42'),
(783, 79, 4, 13, '2024-04-23 07:19:42', '2024-04-23 07:19:42'),
(784, 79, 1, 1, '2024-04-23 07:19:42', '2024-04-23 07:19:42'),
(785, 79, 2, 5, '2024-04-23 07:19:42', '2024-04-23 07:19:42'),
(786, 79, 10, 31, '2024-04-23 07:19:42', '2024-04-23 07:19:42'),
(787, 79, 9, 27, '2024-04-23 07:19:42', '2024-04-23 07:19:42'),
(788, 79, 7, 22, '2024-04-23 07:19:42', '2024-04-23 07:19:42'),
(789, 79, 3, 10, '2024-04-23 07:19:42', '2024-04-23 07:19:42'),
(790, 79, 6, 20, '2024-04-23 07:19:42', '2024-04-23 07:19:42'),
(791, 80, 5, 17, '2024-04-23 07:19:42', '2024-04-23 07:19:42'),
(792, 80, 8, 26, '2024-04-23 07:19:42', '2024-04-23 07:19:42'),
(793, 80, 4, 12, '2024-04-23 07:19:42', '2024-04-23 07:19:42'),
(794, 80, 1, 1, '2024-04-23 07:19:42', '2024-04-23 07:19:42'),
(795, 80, 2, 5, '2024-04-23 07:19:42', '2024-04-23 07:19:42'),
(796, 80, 10, 30, '2024-04-23 07:19:42', '2024-04-23 07:19:42'),
(797, 80, 9, 27, '2024-04-23 07:19:42', '2024-04-23 07:19:42'),
(798, 80, 7, 22, '2024-04-23 07:19:42', '2024-04-23 07:19:42'),
(799, 80, 3, 10, '2024-04-23 07:19:42', '2024-04-23 07:19:42'),
(800, 80, 6, 20, '2024-04-23 07:19:42', '2024-04-23 07:19:42'),
(801, 81, 5, 15, '2024-04-23 07:19:42', '2024-04-23 07:19:42'),
(802, 81, 8, 24, '2024-04-23 07:19:42', '2024-04-23 07:19:42'),
(803, 81, 4, 13, '2024-04-23 07:19:42', '2024-04-23 07:19:42'),
(804, 81, 1, 2, '2024-04-23 07:19:42', '2024-04-23 07:19:42'),
(805, 81, 2, 5, '2024-04-23 07:19:42', '2024-04-23 07:19:42'),
(806, 81, 10, 31, '2024-04-23 07:19:42', '2024-04-23 07:19:42'),
(807, 81, 9, 27, '2024-04-23 07:19:42', '2024-04-23 07:19:42'),
(808, 81, 7, 21, '2024-04-23 07:19:42', '2024-04-23 07:19:42'),
(809, 81, 3, 10, '2024-04-23 07:19:42', '2024-04-23 07:19:42');
INSERT INTO `penilaian` (`id`, `masyarakat_id`, `kriteria_id`, `sub_kriteria_id`, `created_at`, `updated_at`) VALUES
(810, 81, 6, 20, '2024-04-23 07:19:42', '2024-04-23 07:19:42'),
(811, 82, 5, 15, '2024-04-23 07:19:42', '2024-04-23 07:19:42'),
(812, 82, 8, 24, '2024-04-23 07:19:42', '2024-04-23 07:19:42'),
(813, 82, 4, 13, '2024-04-23 07:19:42', '2024-04-23 07:19:42'),
(814, 82, 1, 2, '2024-04-23 07:19:42', '2024-04-23 07:19:42'),
(815, 82, 2, 5, '2024-04-23 07:19:42', '2024-04-23 07:19:42'),
(816, 82, 10, 31, '2024-04-23 07:19:42', '2024-04-23 07:19:42'),
(817, 82, 9, 28, '2024-04-23 07:19:42', '2024-04-23 07:19:42'),
(818, 82, 7, 22, '2024-04-23 07:19:42', '2024-04-23 07:19:42'),
(819, 82, 3, 10, '2024-04-23 07:19:42', '2024-04-23 07:19:42'),
(820, 82, 6, 20, '2024-04-23 07:19:42', '2024-04-23 07:19:42'),
(821, 83, 5, 15, '2024-04-23 07:19:42', '2024-04-23 07:19:42'),
(822, 83, 8, 24, '2024-04-23 07:19:42', '2024-04-23 07:19:42'),
(823, 83, 4, 13, '2024-04-23 07:19:42', '2024-04-23 07:19:42'),
(824, 83, 1, 2, '2024-04-23 07:19:42', '2024-04-23 07:19:42'),
(825, 83, 2, 5, '2024-04-23 07:19:42', '2024-04-23 07:19:42'),
(826, 83, 10, 31, '2024-04-23 07:19:42', '2024-04-23 07:19:42'),
(827, 83, 9, 27, '2024-04-23 07:19:42', '2024-04-23 07:19:42'),
(828, 83, 7, 22, '2024-04-23 07:19:42', '2024-04-23 07:19:42'),
(829, 83, 3, 10, '2024-04-23 07:19:42', '2024-04-23 07:19:42'),
(830, 83, 6, 20, '2024-04-23 07:19:42', '2024-04-23 07:19:42'),
(831, 84, 5, 16, '2024-04-23 07:19:42', '2024-04-23 07:19:42'),
(832, 84, 8, 24, '2024-04-23 07:19:42', '2024-04-23 07:19:42'),
(833, 84, 4, 13, '2024-04-23 07:19:42', '2024-04-23 07:19:42'),
(834, 84, 1, 2, '2024-04-23 07:19:42', '2024-04-23 07:19:42'),
(835, 84, 2, 5, '2024-04-23 07:19:42', '2024-04-23 07:19:42'),
(836, 84, 10, 31, '2024-04-23 07:19:42', '2024-04-23 07:19:42'),
(837, 84, 9, 27, '2024-04-23 07:19:42', '2024-04-23 07:19:42'),
(838, 84, 7, 21, '2024-04-23 07:19:42', '2024-04-23 07:19:42'),
(839, 84, 3, 10, '2024-04-23 07:19:42', '2024-04-23 07:19:42'),
(840, 84, 6, 20, '2024-04-23 07:19:42', '2024-04-23 07:19:42'),
(841, 85, 5, 16, '2024-04-23 07:19:42', '2024-04-23 07:19:42'),
(842, 85, 8, 23, '2024-04-23 07:19:42', '2024-04-23 07:19:42'),
(843, 85, 4, 13, '2024-04-23 07:19:42', '2024-04-23 07:19:42'),
(844, 85, 1, 1, '2024-04-23 07:19:42', '2024-04-23 07:19:42'),
(845, 85, 2, 5, '2024-04-23 07:19:42', '2024-04-23 07:19:42'),
(846, 85, 10, 31, '2024-04-23 07:19:42', '2024-04-23 07:19:42'),
(847, 85, 9, 27, '2024-04-23 07:19:42', '2024-04-23 07:19:42'),
(848, 85, 7, 22, '2024-04-23 07:19:42', '2024-04-23 07:19:42'),
(849, 85, 3, 10, '2024-04-23 07:19:42', '2024-04-23 07:19:42'),
(850, 85, 6, 20, '2024-04-23 07:19:42', '2024-04-23 07:19:42'),
(851, 86, 5, 17, '2024-04-23 07:19:42', '2024-04-23 07:19:42'),
(852, 86, 8, 24, '2024-04-23 07:19:42', '2024-04-23 07:19:42'),
(853, 86, 4, 13, '2024-04-23 07:19:42', '2024-04-23 07:19:42'),
(854, 86, 1, 1, '2024-04-23 07:19:42', '2024-04-23 07:19:42'),
(855, 86, 2, 5, '2024-04-23 07:19:42', '2024-04-23 07:19:42'),
(856, 86, 10, 31, '2024-04-23 07:19:42', '2024-04-23 07:19:42'),
(857, 86, 9, 27, '2024-04-23 07:19:42', '2024-04-23 07:19:42'),
(858, 86, 7, 22, '2024-04-23 07:19:42', '2024-04-23 07:19:42'),
(859, 86, 3, 10, '2024-04-23 07:19:42', '2024-04-23 07:19:42'),
(860, 86, 6, 20, '2024-04-23 07:19:42', '2024-04-23 07:19:42'),
(861, 87, 5, 16, '2024-04-23 07:19:42', '2024-04-23 07:19:42'),
(862, 87, 8, 24, '2024-04-23 07:19:42', '2024-04-23 07:19:42'),
(863, 87, 4, 13, '2024-04-23 07:19:42', '2024-04-23 07:19:42'),
(864, 87, 1, 2, '2024-04-23 07:19:42', '2024-04-23 07:19:42'),
(865, 87, 2, 5, '2024-04-23 07:19:42', '2024-04-23 07:19:42'),
(866, 87, 10, 32, '2024-04-23 07:19:42', '2024-04-23 07:19:42'),
(867, 87, 9, 27, '2024-04-23 07:19:42', '2024-04-23 07:19:42'),
(868, 87, 7, 21, '2024-04-23 07:19:42', '2024-04-23 07:19:42'),
(869, 87, 3, 10, '2024-04-23 07:19:42', '2024-04-23 07:19:42'),
(870, 87, 6, 19, '2024-04-23 07:19:42', '2024-04-23 07:19:42'),
(871, 88, 5, 15, '2024-04-23 07:19:42', '2024-04-23 07:19:42'),
(872, 88, 8, 23, '2024-04-23 07:19:42', '2024-04-23 07:19:42'),
(873, 88, 4, 13, '2024-04-23 07:19:42', '2024-04-23 07:19:42'),
(874, 88, 1, 3, '2024-04-23 07:19:42', '2024-04-23 07:19:42'),
(875, 88, 2, 5, '2024-04-23 07:19:42', '2024-04-23 07:19:42'),
(876, 88, 10, 32, '2024-04-23 07:19:42', '2024-04-23 07:19:42'),
(877, 88, 9, 28, '2024-04-23 07:19:42', '2024-04-23 07:19:42'),
(878, 88, 7, 21, '2024-04-23 07:19:42', '2024-04-23 07:19:42'),
(879, 88, 3, 9, '2024-04-23 07:19:42', '2024-04-23 07:19:42'),
(880, 88, 6, 20, '2024-04-23 07:19:42', '2024-04-23 07:19:42'),
(881, 89, 5, 16, '2024-04-23 07:19:42', '2024-04-23 07:19:42'),
(882, 89, 8, 24, '2024-04-23 07:19:42', '2024-04-23 07:19:42'),
(883, 89, 4, 12, '2024-04-23 07:19:42', '2024-04-23 07:19:42'),
(884, 89, 1, 1, '2024-04-23 07:19:42', '2024-04-23 07:19:42'),
(885, 89, 2, 5, '2024-04-23 07:19:42', '2024-04-23 07:19:42'),
(886, 89, 10, 30, '2024-04-23 07:19:42', '2024-04-23 07:19:42'),
(887, 89, 9, 27, '2024-04-23 07:19:42', '2024-04-23 07:19:42'),
(888, 89, 7, 22, '2024-04-23 07:19:42', '2024-04-23 07:19:42'),
(889, 89, 3, 10, '2024-04-23 07:19:42', '2024-04-23 07:19:42'),
(890, 89, 6, 20, '2024-04-23 07:19:42', '2024-04-23 07:19:42'),
(891, 90, 5, 16, '2024-04-23 07:19:42', '2024-04-23 07:19:42'),
(892, 90, 8, 24, '2024-04-23 07:19:42', '2024-04-23 07:19:42'),
(893, 90, 4, 13, '2024-04-23 07:19:42', '2024-04-23 07:19:42'),
(894, 90, 1, 1, '2024-04-23 07:19:42', '2024-04-23 07:19:42'),
(895, 90, 2, 5, '2024-04-23 07:19:42', '2024-04-23 07:19:42'),
(896, 90, 10, 30, '2024-04-23 07:19:42', '2024-04-23 07:19:42'),
(897, 90, 9, 27, '2024-04-23 07:19:42', '2024-04-23 07:19:42'),
(898, 90, 7, 22, '2024-04-23 07:19:42', '2024-04-23 07:19:42'),
(899, 90, 3, 10, '2024-04-23 07:19:42', '2024-04-23 07:19:42'),
(900, 90, 6, 20, '2024-04-23 07:19:42', '2024-04-23 07:19:42'),
(901, 91, 5, 18, '2024-04-23 07:19:42', '2024-04-23 07:19:42'),
(902, 91, 8, 26, '2024-04-23 07:19:42', '2024-04-23 07:19:42'),
(903, 91, 4, 14, '2024-04-23 07:19:42', '2024-04-23 07:19:42'),
(904, 91, 1, 4, '2024-04-23 07:19:42', '2024-04-23 07:19:42'),
(905, 91, 2, 5, '2024-04-23 07:19:42', '2024-04-23 07:19:42'),
(906, 91, 10, 31, '2024-04-23 07:19:42', '2024-04-23 07:19:42'),
(907, 91, 9, 27, '2024-04-23 07:19:42', '2024-04-23 07:19:42'),
(908, 91, 7, 22, '2024-04-23 07:19:42', '2024-04-23 07:19:42'),
(909, 91, 3, 10, '2024-04-23 07:19:42', '2024-04-23 07:19:42'),
(910, 91, 6, 20, '2024-04-23 07:19:42', '2024-04-23 07:19:42'),
(911, 92, 5, 17, '2024-04-23 07:19:42', '2024-04-23 07:19:42'),
(912, 92, 8, 26, '2024-04-23 07:19:42', '2024-04-23 07:19:42'),
(913, 92, 4, 12, '2024-04-23 07:19:42', '2024-04-23 07:19:42'),
(914, 92, 1, 2, '2024-04-23 07:19:42', '2024-04-23 07:19:42'),
(915, 92, 2, 5, '2024-04-23 07:19:42', '2024-04-23 07:19:42'),
(916, 92, 10, 31, '2024-04-23 07:19:42', '2024-04-23 07:19:42'),
(917, 92, 9, 27, '2024-04-23 07:19:42', '2024-04-23 07:19:42'),
(918, 92, 7, 21, '2024-04-23 07:19:42', '2024-04-23 07:19:42'),
(919, 92, 3, 10, '2024-04-23 07:19:42', '2024-04-23 07:19:42'),
(920, 92, 6, 20, '2024-04-23 07:19:42', '2024-04-23 07:19:42'),
(921, 93, 5, 17, '2024-04-23 07:19:42', '2024-04-23 07:19:42'),
(922, 93, 8, 24, '2024-04-23 07:19:42', '2024-04-23 07:19:42'),
(923, 93, 4, 12, '2024-04-23 07:19:42', '2024-04-23 07:19:42'),
(924, 93, 1, 1, '2024-04-23 07:19:42', '2024-04-23 07:19:42'),
(925, 93, 2, 5, '2024-04-23 07:19:42', '2024-04-23 07:19:42'),
(926, 93, 10, 30, '2024-04-23 07:19:42', '2024-04-23 07:19:42'),
(927, 93, 9, 27, '2024-04-23 07:19:42', '2024-04-23 07:19:42'),
(928, 93, 7, 22, '2024-04-23 07:19:42', '2024-04-23 07:19:42'),
(929, 93, 3, 10, '2024-04-23 07:19:42', '2024-04-23 07:19:42'),
(930, 93, 6, 20, '2024-04-23 07:19:42', '2024-04-23 07:19:42'),
(931, 94, 5, 16, '2024-04-23 07:19:42', '2024-04-23 07:19:42'),
(932, 94, 8, 24, '2024-04-23 07:19:42', '2024-04-23 07:19:42'),
(933, 94, 4, 13, '2024-04-23 07:19:42', '2024-04-23 07:19:42'),
(934, 94, 1, 1, '2024-04-23 07:19:42', '2024-04-23 07:19:42'),
(935, 94, 2, 5, '2024-04-23 07:19:42', '2024-04-23 07:19:42'),
(936, 94, 10, 31, '2024-04-23 07:19:42', '2024-04-23 07:19:42'),
(937, 94, 9, 27, '2024-04-23 07:19:42', '2024-04-23 07:19:42'),
(938, 94, 7, 22, '2024-04-23 07:19:42', '2024-04-23 07:19:42'),
(939, 94, 3, 10, '2024-04-23 07:19:42', '2024-04-23 07:19:42'),
(940, 94, 6, 20, '2024-04-23 07:19:42', '2024-04-23 07:19:42'),
(941, 95, 5, 17, '2024-04-23 07:19:42', '2024-04-23 07:19:42'),
(942, 95, 8, 26, '2024-04-23 07:19:42', '2024-04-23 07:19:42'),
(943, 95, 4, 12, '2024-04-23 07:19:42', '2024-04-23 07:19:42'),
(944, 95, 1, 3, '2024-04-23 07:19:42', '2024-04-23 07:19:42'),
(945, 95, 2, 6, '2024-04-23 07:19:42', '2024-04-23 07:19:42'),
(946, 95, 10, 30, '2024-04-23 07:19:42', '2024-04-23 07:19:42'),
(947, 95, 9, 28, '2024-04-23 07:19:42', '2024-04-23 07:19:42'),
(948, 95, 7, 21, '2024-04-23 07:19:42', '2024-04-23 07:19:42'),
(949, 95, 3, 10, '2024-04-23 07:19:42', '2024-04-23 07:19:42'),
(950, 95, 6, 20, '2024-04-23 07:19:42', '2024-04-23 07:19:42'),
(951, 96, 5, 16, '2024-04-23 07:19:42', '2024-04-23 07:19:42'),
(952, 96, 8, 24, '2024-04-23 07:19:42', '2024-04-23 07:19:42'),
(953, 96, 4, 13, '2024-04-23 07:19:42', '2024-04-23 07:19:42'),
(954, 96, 1, 1, '2024-04-23 07:19:42', '2024-04-23 07:19:42'),
(955, 96, 2, 5, '2024-04-23 07:19:42', '2024-04-23 07:19:42'),
(956, 96, 10, 31, '2024-04-23 07:19:42', '2024-04-23 07:19:42'),
(957, 96, 9, 27, '2024-04-23 07:19:42', '2024-04-23 07:19:42'),
(958, 96, 7, 21, '2024-04-23 07:19:42', '2024-04-23 07:19:42'),
(959, 96, 3, 10, '2024-04-23 07:19:42', '2024-04-23 07:19:42'),
(960, 96, 6, 20, '2024-04-23 07:19:42', '2024-04-23 07:19:42'),
(961, 97, 5, 17, '2024-04-23 07:19:42', '2024-04-23 07:19:42'),
(962, 97, 8, 26, '2024-04-23 07:19:42', '2024-04-23 07:19:42'),
(963, 97, 4, 11, '2024-04-23 07:19:42', '2024-04-23 07:19:42'),
(964, 97, 1, 1, '2024-04-23 07:19:42', '2024-04-23 07:19:42'),
(965, 97, 2, 5, '2024-04-23 07:19:42', '2024-04-23 07:19:42'),
(966, 97, 10, 31, '2024-04-23 07:19:42', '2024-04-23 07:19:42'),
(967, 97, 9, 27, '2024-04-23 07:19:42', '2024-04-23 07:19:42'),
(968, 97, 7, 21, '2024-04-23 07:19:42', '2024-04-23 07:19:42'),
(969, 97, 3, 10, '2024-04-23 07:19:42', '2024-04-23 07:19:42'),
(970, 97, 6, 20, '2024-04-23 07:19:42', '2024-04-23 07:19:42'),
(971, 98, 5, 16, '2024-04-23 07:19:42', '2024-04-23 07:19:42'),
(972, 98, 8, 26, '2024-04-23 07:19:42', '2024-04-23 07:19:42'),
(973, 98, 4, 13, '2024-04-23 07:19:42', '2024-04-23 07:19:42'),
(974, 98, 1, 2, '2024-04-23 07:19:42', '2024-04-23 07:19:42'),
(975, 98, 2, 5, '2024-04-23 07:19:42', '2024-04-23 07:19:42'),
(976, 98, 10, 31, '2024-04-23 07:19:42', '2024-04-23 07:19:42'),
(977, 98, 9, 27, '2024-04-23 07:19:42', '2024-04-23 07:19:42'),
(978, 98, 7, 21, '2024-04-23 07:19:42', '2024-04-23 07:19:42'),
(979, 98, 3, 10, '2024-04-23 07:19:42', '2024-04-23 07:19:42'),
(980, 98, 6, 20, '2024-04-23 07:19:42', '2024-04-23 07:19:42'),
(981, 99, 5, 15, '2024-04-23 07:19:42', '2024-04-23 07:19:42'),
(982, 99, 8, 26, '2024-04-23 07:19:42', '2024-04-23 07:19:42'),
(983, 99, 4, 13, '2024-04-23 07:19:42', '2024-04-23 07:19:42'),
(984, 99, 1, 2, '2024-04-23 07:19:42', '2024-04-23 07:19:42'),
(985, 99, 2, 5, '2024-04-23 07:19:42', '2024-04-23 07:19:42'),
(986, 99, 10, 31, '2024-04-23 07:19:42', '2024-04-23 07:19:42'),
(987, 99, 9, 27, '2024-04-23 07:19:42', '2024-04-23 07:19:42'),
(988, 99, 7, 21, '2024-04-23 07:19:42', '2024-04-23 07:19:42'),
(989, 99, 3, 10, '2024-04-23 07:19:42', '2024-04-23 07:19:42'),
(990, 99, 6, 20, '2024-04-23 07:19:42', '2024-04-23 07:19:42'),
(991, 100, 5, 17, '2024-04-23 07:19:42', '2024-04-23 07:19:42'),
(992, 100, 8, 24, '2024-04-23 07:19:42', '2024-04-23 07:19:42'),
(993, 100, 4, 12, '2024-04-23 07:19:42', '2024-04-23 07:19:42'),
(994, 100, 1, 1, '2024-04-23 07:19:42', '2024-04-23 07:19:42'),
(995, 100, 2, 5, '2024-04-23 07:19:42', '2024-04-23 07:19:42'),
(996, 100, 10, 30, '2024-04-23 07:19:42', '2024-04-23 07:19:42'),
(997, 100, 9, 27, '2024-04-23 07:19:42', '2024-04-23 07:19:42'),
(998, 100, 7, 21, '2024-04-23 07:19:42', '2024-04-23 07:19:42'),
(999, 100, 3, 10, '2024-04-23 07:19:42', '2024-04-23 07:19:42'),
(1000, 100, 6, 20, '2024-04-23 07:19:42', '2024-04-23 07:19:42'),
(1001, 101, 5, 17, '2024-04-23 07:19:42', '2024-04-23 07:19:42'),
(1002, 101, 8, 26, '2024-04-23 07:19:42', '2024-04-23 07:19:42'),
(1003, 101, 4, 11, '2024-04-23 07:19:42', '2024-04-23 07:19:42'),
(1004, 101, 1, 1, '2024-04-23 07:19:42', '2024-04-23 07:19:42'),
(1005, 101, 2, 5, '2024-04-23 07:19:42', '2024-04-23 07:19:42'),
(1006, 101, 10, 31, '2024-04-23 07:19:42', '2024-04-23 07:19:42'),
(1007, 101, 9, 28, '2024-04-23 07:19:42', '2024-04-23 07:19:42'),
(1008, 101, 7, 21, '2024-04-23 07:19:42', '2024-04-23 07:19:42'),
(1009, 101, 3, 10, '2024-04-23 07:19:42', '2024-04-23 07:19:42'),
(1010, 101, 6, 20, '2024-04-23 07:19:42', '2024-04-23 07:19:42'),
(1011, 102, 5, 16, '2024-04-23 07:19:42', '2024-04-23 07:19:42'),
(1012, 102, 8, 23, '2024-04-23 07:19:42', '2024-04-23 07:19:42'),
(1013, 102, 4, 13, '2024-04-23 07:19:42', '2024-04-23 07:19:42'),
(1014, 102, 1, 3, '2024-04-23 07:19:42', '2024-04-23 07:19:42'),
(1015, 102, 2, 7, '2024-04-23 07:19:42', '2024-04-23 07:19:42'),
(1016, 102, 10, 31, '2024-04-23 07:19:42', '2024-04-23 07:19:42'),
(1017, 102, 9, 27, '2024-04-23 07:19:42', '2024-04-23 07:19:42'),
(1018, 102, 7, 21, '2024-04-23 07:19:42', '2024-04-23 07:19:42'),
(1019, 102, 3, 10, '2024-04-23 07:19:42', '2024-04-23 07:19:42'),
(1020, 102, 6, 20, '2024-04-23 07:19:42', '2024-04-23 07:19:42'),
(1021, 103, 5, 15, '2024-04-23 07:19:42', '2024-04-23 07:19:42'),
(1022, 103, 8, 24, '2024-04-23 07:19:42', '2024-04-23 07:19:42'),
(1023, 103, 4, 13, '2024-04-23 07:19:42', '2024-04-23 07:19:42'),
(1024, 103, 1, 3, '2024-04-23 07:19:42', '2024-04-23 07:19:42'),
(1025, 103, 2, 6, '2024-04-23 07:19:42', '2024-04-23 07:19:42'),
(1026, 103, 10, 33, '2024-04-23 07:19:42', '2024-04-23 07:19:42'),
(1027, 103, 9, 28, '2024-04-23 07:19:42', '2024-04-23 07:19:42'),
(1028, 103, 7, 21, '2024-04-23 07:19:42', '2024-04-23 07:19:42'),
(1029, 103, 3, 10, '2024-04-23 07:19:42', '2024-04-23 07:19:42'),
(1030, 103, 6, 20, '2024-04-23 07:19:42', '2024-04-23 07:19:42'),
(1031, 104, 5, 15, '2024-04-23 07:19:42', '2024-04-23 07:19:42'),
(1032, 104, 8, 23, '2024-04-23 07:19:42', '2024-04-23 07:19:42'),
(1033, 104, 4, 14, '2024-04-23 07:19:42', '2024-04-23 07:19:42'),
(1034, 104, 1, 4, '2024-04-23 07:19:42', '2024-04-23 07:19:42'),
(1035, 104, 2, 6, '2024-04-23 07:19:42', '2024-04-23 07:19:42'),
(1036, 104, 10, 33, '2024-04-23 07:19:42', '2024-04-23 07:19:42'),
(1037, 104, 9, 28, '2024-04-23 07:19:42', '2024-04-23 07:19:42'),
(1038, 104, 7, 21, '2024-04-23 07:19:42', '2024-04-23 07:19:42'),
(1039, 104, 3, 10, '2024-04-23 07:19:42', '2024-04-23 07:19:42'),
(1040, 104, 6, 20, '2024-04-23 07:19:42', '2024-04-23 07:19:42'),
(1041, 105, 5, 17, '2024-04-23 07:19:42', '2024-04-23 07:19:42'),
(1042, 105, 8, 24, '2024-04-23 07:19:42', '2024-04-23 07:19:42'),
(1043, 105, 4, 13, '2024-04-23 07:19:42', '2024-04-23 07:19:42'),
(1044, 105, 1, 1, '2024-04-23 07:19:42', '2024-04-23 07:19:42'),
(1045, 105, 2, 5, '2024-04-23 07:19:42', '2024-04-23 07:19:42'),
(1046, 105, 10, 31, '2024-04-23 07:19:42', '2024-04-23 07:19:42'),
(1047, 105, 9, 27, '2024-04-23 07:19:42', '2024-04-23 07:19:42'),
(1048, 105, 7, 21, '2024-04-23 07:19:42', '2024-04-23 07:19:42'),
(1049, 105, 3, 10, '2024-04-23 07:19:42', '2024-04-23 07:19:42'),
(1050, 105, 6, 20, '2024-04-23 07:19:42', '2024-04-23 07:19:42'),
(1051, 106, 5, 17, '2024-04-23 07:19:42', '2024-04-23 07:19:42'),
(1052, 106, 8, 23, '2024-04-23 07:19:42', '2024-04-23 07:19:42'),
(1053, 106, 4, 13, '2024-04-23 07:19:42', '2024-04-23 07:19:42'),
(1054, 106, 1, 2, '2024-04-23 07:19:42', '2024-04-23 07:19:42'),
(1055, 106, 2, 5, '2024-04-23 07:19:42', '2024-04-23 07:19:42'),
(1056, 106, 10, 31, '2024-04-23 07:19:42', '2024-04-23 07:19:42'),
(1057, 106, 9, 27, '2024-04-23 07:19:42', '2024-04-23 07:19:42'),
(1058, 106, 7, 22, '2024-04-23 07:19:42', '2024-04-23 07:19:42'),
(1059, 106, 3, 10, '2024-04-23 07:19:42', '2024-04-23 07:19:42'),
(1060, 106, 6, 20, '2024-04-23 07:19:42', '2024-04-23 07:19:42'),
(1061, 107, 5, 15, '2024-04-23 07:19:42', '2024-04-23 07:19:42'),
(1062, 107, 8, 23, '2024-04-23 07:19:42', '2024-04-23 07:19:42'),
(1063, 107, 4, 13, '2024-04-23 07:19:42', '2024-04-23 07:19:42'),
(1064, 107, 1, 1, '2024-04-23 07:19:42', '2024-04-23 07:19:42'),
(1065, 107, 2, 5, '2024-04-23 07:19:42', '2024-04-23 07:19:42'),
(1066, 107, 10, 31, '2024-04-23 07:19:42', '2024-04-23 07:19:42'),
(1067, 107, 9, 27, '2024-04-23 07:19:42', '2024-04-23 07:19:42'),
(1068, 107, 7, 21, '2024-04-23 07:19:42', '2024-04-23 07:19:42'),
(1069, 107, 3, 10, '2024-04-23 07:19:42', '2024-04-23 07:19:42'),
(1070, 107, 6, 20, '2024-04-23 07:19:42', '2024-04-23 07:19:42'),
(1071, 108, 5, 16, '2024-04-23 07:19:42', '2024-04-23 07:19:42'),
(1072, 108, 8, 24, '2024-04-23 07:19:42', '2024-04-23 07:19:42'),
(1073, 108, 4, 13, '2024-04-23 07:19:42', '2024-04-23 07:19:42'),
(1074, 108, 1, 1, '2024-04-23 07:19:42', '2024-04-23 07:19:42'),
(1075, 108, 2, 5, '2024-04-23 07:19:42', '2024-04-23 07:19:42'),
(1076, 108, 10, 31, '2024-04-23 07:19:42', '2024-04-23 07:19:42'),
(1077, 108, 9, 27, '2024-04-23 07:19:42', '2024-04-23 07:19:42'),
(1078, 108, 7, 22, '2024-04-23 07:19:42', '2024-04-23 07:19:42'),
(1079, 108, 3, 10, '2024-04-23 07:19:42', '2024-04-23 07:19:42'),
(1080, 108, 6, 20, '2024-04-23 07:19:42', '2024-04-23 07:19:42'),
(1081, 109, 5, 15, '2024-04-23 07:19:42', '2024-04-23 07:19:42'),
(1082, 109, 8, 23, '2024-04-23 07:19:42', '2024-04-23 07:19:42'),
(1083, 109, 4, 13, '2024-04-23 07:19:42', '2024-04-23 07:19:42'),
(1084, 109, 1, 3, '2024-04-23 07:19:42', '2024-04-23 07:19:42'),
(1085, 109, 2, 6, '2024-04-23 07:19:42', '2024-04-23 07:19:42'),
(1086, 109, 10, 31, '2024-04-23 07:19:42', '2024-04-23 07:19:42'),
(1087, 109, 9, 28, '2024-04-23 07:19:42', '2024-04-23 07:19:42'),
(1088, 109, 7, 21, '2024-04-23 07:19:42', '2024-04-23 07:19:42'),
(1089, 109, 3, 9, '2024-04-23 07:19:42', '2024-04-23 07:19:42'),
(1090, 109, 6, 20, '2024-04-23 07:19:42', '2024-04-23 07:19:42'),
(1091, 110, 5, 15, '2024-04-23 07:19:42', '2024-04-23 07:19:42'),
(1092, 110, 8, 26, '2024-04-23 07:19:42', '2024-04-23 07:19:42'),
(1093, 110, 4, 13, '2024-04-23 07:19:42', '2024-04-23 07:19:42'),
(1094, 110, 1, 2, '2024-04-23 07:19:42', '2024-04-23 07:19:42'),
(1095, 110, 2, 5, '2024-04-23 07:19:42', '2024-04-23 07:19:42'),
(1096, 110, 10, 31, '2024-04-23 07:19:42', '2024-04-23 07:19:42'),
(1097, 110, 9, 27, '2024-04-23 07:19:42', '2024-04-23 07:19:42'),
(1098, 110, 7, 21, '2024-04-23 07:19:42', '2024-04-23 07:19:42'),
(1099, 110, 3, 10, '2024-04-23 07:19:42', '2024-04-23 07:19:42'),
(1100, 110, 6, 20, '2024-04-23 07:19:42', '2024-04-23 07:19:42'),
(1101, 111, 5, 17, '2024-04-23 07:19:42', '2024-04-23 07:19:42'),
(1102, 111, 8, 26, '2024-04-23 07:19:42', '2024-04-23 07:19:42'),
(1103, 111, 4, 13, '2024-04-23 07:19:42', '2024-04-23 07:19:42'),
(1104, 111, 1, 3, '2024-04-23 07:19:42', '2024-04-23 07:19:42'),
(1105, 111, 2, 5, '2024-04-23 07:19:42', '2024-04-23 07:19:42'),
(1106, 111, 10, 31, '2024-04-23 07:19:42', '2024-04-23 07:19:42'),
(1107, 111, 9, 27, '2024-04-23 07:19:42', '2024-04-23 07:19:42'),
(1108, 111, 7, 21, '2024-04-23 07:19:42', '2024-04-23 07:19:42'),
(1109, 111, 3, 10, '2024-04-23 07:19:42', '2024-04-23 07:19:42'),
(1110, 111, 6, 20, '2024-04-23 07:19:42', '2024-04-23 07:19:42'),
(1111, 112, 5, 18, '2024-04-23 07:19:42', '2024-04-23 07:19:42'),
(1112, 112, 8, 26, '2024-04-23 07:19:42', '2024-04-23 07:19:42'),
(1113, 112, 4, 14, '2024-04-23 07:19:42', '2024-04-23 07:19:42'),
(1114, 112, 1, 4, '2024-04-23 07:19:42', '2024-04-23 07:19:42'),
(1115, 112, 2, 5, '2024-04-23 07:19:42', '2024-04-23 07:19:42'),
(1116, 112, 10, 33, '2024-04-23 07:19:42', '2024-04-23 07:19:42'),
(1117, 112, 9, 27, '2024-04-23 07:19:42', '2024-04-23 07:19:42'),
(1118, 112, 7, 21, '2024-04-23 07:19:42', '2024-04-23 07:19:42'),
(1119, 112, 3, 10, '2024-04-23 07:19:42', '2024-04-23 07:19:42'),
(1120, 112, 6, 20, '2024-04-23 07:19:42', '2024-04-23 07:19:42'),
(1121, 113, 5, 16, '2024-04-23 07:19:42', '2024-04-23 07:19:42'),
(1122, 113, 8, 24, '2024-04-23 07:19:42', '2024-04-23 07:19:42'),
(1123, 113, 4, 13, '2024-04-23 07:19:42', '2024-04-23 07:19:42'),
(1124, 113, 1, 2, '2024-04-23 07:19:43', '2024-04-23 07:19:43'),
(1125, 113, 2, 5, '2024-04-23 07:19:43', '2024-04-23 07:19:43'),
(1126, 113, 10, 31, '2024-04-23 07:19:43', '2024-04-23 07:19:43'),
(1127, 113, 9, 27, '2024-04-23 07:19:43', '2024-04-23 07:19:43'),
(1128, 113, 7, 22, '2024-04-23 07:19:43', '2024-04-23 07:19:43'),
(1129, 113, 3, 10, '2024-04-23 07:19:43', '2024-04-23 07:19:43'),
(1130, 113, 6, 20, '2024-04-23 07:19:43', '2024-04-23 07:19:43'),
(1131, 114, 5, 18, '2024-04-23 07:19:43', '2024-04-23 07:19:43'),
(1132, 114, 8, 26, '2024-04-23 07:19:43', '2024-04-23 07:19:43'),
(1133, 114, 4, 12, '2024-04-23 07:19:43', '2024-04-23 07:19:43'),
(1134, 114, 1, 1, '2024-04-23 07:19:43', '2024-04-23 07:19:43'),
(1135, 114, 2, 5, '2024-04-23 07:19:43', '2024-04-23 07:19:43'),
(1136, 114, 10, 31, '2024-04-23 07:19:43', '2024-04-23 07:19:43'),
(1137, 114, 9, 27, '2024-04-23 07:19:43', '2024-04-23 07:19:43'),
(1138, 114, 7, 21, '2024-04-23 07:19:43', '2024-04-23 07:19:43'),
(1139, 114, 3, 10, '2024-04-23 07:19:43', '2024-04-23 07:19:43'),
(1140, 114, 6, 20, '2024-04-23 07:19:43', '2024-04-23 07:19:43'),
(1141, 115, 5, 17, '2024-04-23 07:19:43', '2024-04-23 07:19:43'),
(1142, 115, 8, 26, '2024-04-23 07:19:43', '2024-04-23 07:19:43'),
(1143, 115, 4, 14, '2024-04-23 07:19:43', '2024-04-23 07:19:43'),
(1144, 115, 1, 4, '2024-04-23 07:19:43', '2024-04-23 07:19:43'),
(1145, 115, 2, 5, '2024-04-23 07:19:43', '2024-04-23 07:19:43'),
(1146, 115, 10, 31, '2024-04-23 07:19:43', '2024-04-23 07:19:43'),
(1147, 115, 9, 27, '2024-04-23 07:19:43', '2024-04-23 07:19:43'),
(1148, 115, 7, 21, '2024-04-23 07:19:43', '2024-04-23 07:19:43'),
(1149, 115, 3, 10, '2024-04-23 07:19:43', '2024-04-23 07:19:43'),
(1150, 115, 6, 20, '2024-04-23 07:19:43', '2024-04-23 07:19:43'),
(1151, 116, 5, 17, '2024-04-23 07:19:43', '2024-04-23 07:19:43'),
(1152, 116, 8, 25, '2024-04-23 07:19:43', '2024-04-23 07:19:43'),
(1153, 116, 4, 12, '2024-04-23 07:19:43', '2024-04-23 07:19:43'),
(1154, 116, 1, 1, '2024-04-23 07:19:43', '2024-04-23 07:19:43'),
(1155, 116, 2, 5, '2024-04-23 07:19:43', '2024-04-23 07:19:43'),
(1156, 116, 10, 30, '2024-04-23 07:19:43', '2024-04-23 07:19:43'),
(1157, 116, 9, 27, '2024-04-23 07:19:43', '2024-04-23 07:19:43'),
(1158, 116, 7, 22, '2024-04-23 07:19:43', '2024-04-23 07:19:43'),
(1159, 116, 3, 10, '2024-04-23 07:19:43', '2024-04-23 07:19:43'),
(1160, 116, 6, 20, '2024-04-23 07:19:43', '2024-04-23 07:19:43'),
(1161, 117, 5, 17, '2024-04-23 07:19:43', '2024-04-23 07:19:43'),
(1162, 117, 8, 26, '2024-04-23 07:19:43', '2024-04-23 07:19:43'),
(1163, 117, 4, 14, '2024-04-23 07:19:43', '2024-04-23 07:19:43'),
(1164, 117, 1, 4, '2024-04-23 07:19:43', '2024-04-23 07:19:43'),
(1165, 117, 2, 5, '2024-04-23 07:19:43', '2024-04-23 07:19:43'),
(1166, 117, 10, 31, '2024-04-23 07:19:43', '2024-04-23 07:19:43'),
(1167, 117, 9, 27, '2024-04-23 07:19:43', '2024-04-23 07:19:43'),
(1168, 117, 7, 22, '2024-04-23 07:19:43', '2024-04-23 07:19:43'),
(1169, 117, 3, 10, '2024-04-23 07:19:43', '2024-04-23 07:19:43'),
(1170, 117, 6, 20, '2024-04-23 07:19:43', '2024-04-23 07:19:43'),
(1171, 118, 5, 15, '2024-04-23 07:19:43', '2024-04-23 07:19:43'),
(1172, 118, 8, 23, '2024-04-23 07:19:43', '2024-04-23 07:19:43'),
(1173, 118, 4, 13, '2024-04-23 07:19:43', '2024-04-23 07:19:43'),
(1174, 118, 1, 2, '2024-04-23 07:19:43', '2024-04-23 07:19:43'),
(1175, 118, 2, 5, '2024-04-23 07:19:43', '2024-04-23 07:19:43'),
(1176, 118, 10, 31, '2024-04-23 07:19:43', '2024-04-23 07:19:43'),
(1177, 118, 9, 27, '2024-04-23 07:19:43', '2024-04-23 07:19:43'),
(1178, 118, 7, 21, '2024-04-23 07:19:43', '2024-04-23 07:19:43'),
(1179, 118, 3, 10, '2024-04-23 07:19:43', '2024-04-23 07:19:43'),
(1180, 118, 6, 20, '2024-04-23 07:19:43', '2024-04-23 07:19:43'),
(1181, 119, 5, 17, '2024-04-23 07:19:43', '2024-04-23 07:19:43'),
(1182, 119, 8, 26, '2024-04-23 07:19:43', '2024-04-23 07:19:43'),
(1183, 119, 4, 13, '2024-04-23 07:19:43', '2024-04-23 07:19:43'),
(1184, 119, 1, 2, '2024-04-23 07:19:43', '2024-04-23 07:19:43'),
(1185, 119, 2, 5, '2024-04-23 07:19:43', '2024-04-23 07:19:43'),
(1186, 119, 10, 31, '2024-04-23 07:19:43', '2024-04-23 07:19:43'),
(1187, 119, 9, 27, '2024-04-23 07:19:43', '2024-04-23 07:19:43'),
(1188, 119, 7, 21, '2024-04-23 07:19:43', '2024-04-23 07:19:43'),
(1189, 119, 3, 10, '2024-04-23 07:19:43', '2024-04-23 07:19:43'),
(1190, 119, 6, 20, '2024-04-23 07:19:43', '2024-04-23 07:19:43'),
(1191, 120, 5, 15, '2024-04-23 07:19:43', '2024-04-23 07:19:43'),
(1192, 120, 8, 24, '2024-04-23 07:19:43', '2024-04-23 07:19:43'),
(1193, 120, 4, 13, '2024-04-23 07:19:43', '2024-04-23 07:19:43'),
(1194, 120, 1, 1, '2024-04-23 07:19:43', '2024-04-23 07:19:43'),
(1195, 120, 2, 5, '2024-04-23 07:19:43', '2024-04-23 07:19:43'),
(1196, 120, 10, 31, '2024-04-23 07:19:43', '2024-04-23 07:19:43'),
(1197, 120, 9, 27, '2024-04-23 07:19:43', '2024-04-23 07:19:43'),
(1198, 120, 7, 22, '2024-04-23 07:19:43', '2024-04-23 07:19:43'),
(1199, 120, 3, 10, '2024-04-23 07:19:43', '2024-04-23 07:19:43'),
(1200, 120, 6, 20, '2024-04-23 07:19:43', '2024-04-23 07:19:43'),
(1201, 121, 5, 15, '2024-04-23 07:19:43', '2024-04-23 07:19:43'),
(1202, 121, 8, 23, '2024-04-23 07:19:43', '2024-04-23 07:19:43'),
(1203, 121, 4, 13, '2024-04-23 07:19:43', '2024-04-23 07:19:43'),
(1204, 121, 1, 3, '2024-04-23 07:19:43', '2024-04-23 07:19:43'),
(1205, 121, 2, 6, '2024-04-23 07:19:43', '2024-04-23 07:19:43'),
(1206, 121, 10, 31, '2024-04-23 07:19:43', '2024-04-23 07:19:43'),
(1207, 121, 9, 28, '2024-04-23 07:19:43', '2024-04-23 07:19:43'),
(1208, 121, 7, 21, '2024-04-23 07:19:43', '2024-04-23 07:19:43'),
(1209, 121, 3, 10, '2024-04-23 07:19:43', '2024-04-23 07:19:43'),
(1210, 121, 6, 20, '2024-04-23 07:19:43', '2024-04-23 07:19:43'),
(1211, 122, 5, 17, '2024-04-23 07:19:43', '2024-04-23 07:19:43'),
(1212, 122, 8, 26, '2024-04-23 07:19:43', '2024-04-23 07:19:43'),
(1213, 122, 4, 14, '2024-04-23 07:19:43', '2024-04-23 07:19:43'),
(1214, 122, 1, 4, '2024-04-23 07:19:43', '2024-04-23 07:19:43'),
(1215, 122, 2, 5, '2024-04-23 07:19:43', '2024-04-23 07:19:43'),
(1216, 122, 10, 31, '2024-04-23 07:19:43', '2024-04-23 07:19:43'),
(1217, 122, 9, 27, '2024-04-23 07:19:43', '2024-04-23 07:19:43'),
(1218, 122, 7, 22, '2024-04-23 07:19:43', '2024-04-23 07:19:43'),
(1219, 122, 3, 10, '2024-04-23 07:19:43', '2024-04-23 07:19:43'),
(1220, 122, 6, 20, '2024-04-23 07:19:43', '2024-04-23 07:19:43'),
(1221, 123, 5, 16, '2024-04-23 07:19:43', '2024-04-23 07:19:43'),
(1222, 123, 8, 23, '2024-04-23 07:19:43', '2024-04-23 07:19:43'),
(1223, 123, 4, 13, '2024-04-23 07:19:43', '2024-04-23 07:19:43'),
(1224, 123, 1, 3, '2024-04-23 07:19:43', '2024-04-23 07:19:43'),
(1225, 123, 2, 6, '2024-04-23 07:19:43', '2024-04-23 07:19:43'),
(1226, 123, 10, 31, '2024-04-23 07:19:43', '2024-04-23 07:19:43'),
(1227, 123, 9, 28, '2024-04-23 07:19:43', '2024-04-23 07:19:43'),
(1228, 123, 7, 21, '2024-04-23 07:19:43', '2024-04-23 07:19:43'),
(1229, 123, 3, 9, '2024-04-23 07:19:43', '2024-04-23 07:19:43'),
(1230, 123, 6, 20, '2024-04-23 07:19:43', '2024-04-23 07:19:43'),
(1231, 124, 5, 17, '2024-04-23 07:19:43', '2024-04-23 07:19:43'),
(1232, 124, 8, 26, '2024-04-23 07:19:43', '2024-04-23 07:19:43'),
(1233, 124, 4, 14, '2024-04-23 07:19:43', '2024-04-23 07:19:43'),
(1234, 124, 1, 4, '2024-04-23 07:19:43', '2024-04-23 07:19:43'),
(1235, 124, 2, 5, '2024-04-23 07:19:43', '2024-04-23 07:19:43'),
(1236, 124, 10, 31, '2024-04-23 07:19:43', '2024-04-23 07:19:43'),
(1237, 124, 9, 27, '2024-04-23 07:19:43', '2024-04-23 07:19:43'),
(1238, 124, 7, 22, '2024-04-23 07:19:43', '2024-04-23 07:19:43'),
(1239, 124, 3, 10, '2024-04-23 07:19:43', '2024-04-23 07:19:43'),
(1240, 124, 6, 20, '2024-04-23 07:19:43', '2024-04-23 07:19:43'),
(1241, 125, 5, 18, '2024-04-23 07:19:43', '2024-04-23 07:19:43'),
(1242, 125, 8, 26, '2024-04-23 07:19:43', '2024-04-23 07:19:43'),
(1243, 125, 4, 14, '2024-04-23 07:19:43', '2024-04-23 07:19:43'),
(1244, 125, 1, 4, '2024-04-23 07:19:43', '2024-04-23 07:19:43'),
(1245, 125, 2, 5, '2024-04-23 07:19:43', '2024-04-23 07:19:43'),
(1246, 125, 10, 31, '2024-04-23 07:19:43', '2024-04-23 07:19:43'),
(1247, 125, 9, 27, '2024-04-23 07:19:43', '2024-04-23 07:19:43'),
(1248, 125, 7, 21, '2024-04-23 07:19:43', '2024-04-23 07:19:43'),
(1249, 125, 3, 10, '2024-04-23 07:19:43', '2024-04-23 07:19:43'),
(1250, 125, 6, 20, '2024-04-23 07:19:43', '2024-04-23 07:19:43'),
(1251, 126, 5, 16, '2024-04-23 07:19:43', '2024-04-23 07:19:43'),
(1252, 126, 8, 23, '2024-04-23 07:19:43', '2024-04-23 07:19:43'),
(1253, 126, 4, 13, '2024-04-23 07:19:43', '2024-04-23 07:19:43'),
(1254, 126, 1, 3, '2024-04-23 07:19:43', '2024-04-23 07:19:43'),
(1255, 126, 2, 6, '2024-04-23 07:19:43', '2024-04-23 07:19:43'),
(1256, 126, 10, 31, '2024-04-23 07:19:43', '2024-04-23 07:19:43'),
(1257, 126, 9, 28, '2024-04-23 07:19:43', '2024-04-23 07:19:43'),
(1258, 126, 7, 21, '2024-04-23 07:19:43', '2024-04-23 07:19:43'),
(1259, 126, 3, 10, '2024-04-23 07:19:43', '2024-04-23 07:19:43'),
(1260, 126, 6, 20, '2024-04-23 07:19:43', '2024-04-23 07:19:43'),
(1261, 127, 5, 17, '2024-04-23 07:19:43', '2024-04-23 07:19:43'),
(1262, 127, 8, 26, '2024-04-23 07:19:43', '2024-04-23 07:19:43'),
(1263, 127, 4, 12, '2024-04-23 07:19:43', '2024-04-23 07:19:43'),
(1264, 127, 1, 1, '2024-04-23 07:19:43', '2024-04-23 07:19:43'),
(1265, 127, 2, 5, '2024-04-23 07:19:43', '2024-04-23 07:19:43'),
(1266, 127, 10, 30, '2024-04-23 07:19:43', '2024-04-23 07:19:43'),
(1267, 127, 9, 27, '2024-04-23 07:19:43', '2024-04-23 07:19:43'),
(1268, 127, 7, 21, '2024-04-23 07:19:43', '2024-04-23 07:19:43'),
(1269, 127, 3, 10, '2024-04-23 07:19:43', '2024-04-23 07:19:43'),
(1270, 127, 6, 20, '2024-04-23 07:19:43', '2024-04-23 07:19:43'),
(1271, 128, 5, 17, '2024-04-23 07:19:43', '2024-04-23 07:19:43'),
(1272, 128, 8, 24, '2024-04-23 07:19:43', '2024-04-23 07:19:43'),
(1273, 128, 4, 12, '2024-04-23 07:19:43', '2024-04-23 07:19:43'),
(1274, 128, 1, 1, '2024-04-23 07:19:43', '2024-04-23 07:19:43'),
(1275, 128, 2, 5, '2024-04-23 07:19:43', '2024-04-23 07:19:43'),
(1276, 128, 10, 31, '2024-04-23 07:19:43', '2024-04-23 07:19:43'),
(1277, 128, 9, 27, '2024-04-23 07:19:43', '2024-04-23 07:19:43'),
(1278, 128, 7, 21, '2024-04-23 07:19:43', '2024-04-23 07:19:43'),
(1279, 128, 3, 10, '2024-04-23 07:19:43', '2024-04-23 07:19:43'),
(1280, 128, 6, 20, '2024-04-23 07:19:43', '2024-04-23 07:19:43'),
(1281, 129, 5, 15, '2024-04-23 07:19:43', '2024-04-23 07:19:43'),
(1282, 129, 8, 23, '2024-04-23 07:19:43', '2024-04-23 07:19:43'),
(1283, 129, 4, 13, '2024-04-23 07:19:43', '2024-04-23 07:19:43'),
(1284, 129, 1, 3, '2024-04-23 07:19:43', '2024-04-23 07:19:43'),
(1285, 129, 2, 6, '2024-04-23 07:19:43', '2024-04-23 07:19:43'),
(1286, 129, 10, 33, '2024-04-23 07:19:43', '2024-04-23 07:19:43'),
(1287, 129, 9, 28, '2024-04-23 07:19:43', '2024-04-23 07:19:43'),
(1288, 129, 7, 21, '2024-04-23 07:19:43', '2024-04-23 07:19:43'),
(1289, 129, 3, 10, '2024-04-23 07:19:43', '2024-04-23 07:19:43'),
(1290, 129, 6, 20, '2024-04-23 07:19:43', '2024-04-23 07:19:43'),
(1291, 130, 5, 16, '2024-04-23 07:19:43', '2024-04-23 07:19:43'),
(1292, 130, 8, 23, '2024-04-23 07:19:43', '2024-04-23 07:19:43'),
(1293, 130, 4, 13, '2024-04-23 07:19:43', '2024-04-23 07:19:43'),
(1294, 130, 1, 2, '2024-04-23 07:19:43', '2024-04-23 07:19:43'),
(1295, 130, 2, 5, '2024-04-23 07:19:43', '2024-04-23 07:19:43'),
(1296, 130, 10, 31, '2024-04-23 07:19:43', '2024-04-23 07:19:43'),
(1297, 130, 9, 27, '2024-04-23 07:19:43', '2024-04-23 07:19:43'),
(1298, 130, 7, 22, '2024-04-23 07:19:43', '2024-04-23 07:19:43'),
(1299, 130, 3, 10, '2024-04-23 07:19:43', '2024-04-23 07:19:43'),
(1300, 130, 6, 20, '2024-04-23 07:19:43', '2024-04-23 07:19:43'),
(1301, 131, 5, 17, '2024-04-23 07:19:43', '2024-04-23 07:19:43'),
(1302, 131, 8, 24, '2024-04-23 07:19:43', '2024-04-23 07:19:43'),
(1303, 131, 4, 13, '2024-04-23 07:19:43', '2024-04-23 07:19:43'),
(1304, 131, 1, 3, '2024-04-23 07:19:43', '2024-04-23 07:19:43'),
(1305, 131, 2, 7, '2024-04-23 07:19:43', '2024-04-23 07:19:43'),
(1306, 131, 10, 32, '2024-04-23 07:19:43', '2024-04-23 07:19:43'),
(1307, 131, 9, 27, '2024-04-23 07:19:43', '2024-04-23 07:19:43'),
(1308, 131, 7, 21, '2024-04-23 07:19:43', '2024-04-23 07:19:43'),
(1309, 131, 3, 10, '2024-04-23 07:19:43', '2024-04-23 07:19:43'),
(1310, 131, 6, 20, '2024-04-23 07:19:43', '2024-04-23 07:19:43'),
(1311, 132, 5, 16, '2024-04-23 07:19:43', '2024-04-23 07:19:43'),
(1312, 132, 8, 26, '2024-04-23 07:19:43', '2024-04-23 07:19:43'),
(1313, 132, 4, 13, '2024-04-23 07:19:43', '2024-04-23 07:19:43'),
(1314, 132, 1, 3, '2024-04-23 07:19:43', '2024-04-23 07:19:43'),
(1315, 132, 2, 5, '2024-04-23 07:19:43', '2024-04-23 07:19:43'),
(1316, 132, 10, 31, '2024-04-23 07:19:43', '2024-04-23 07:19:43'),
(1317, 132, 9, 27, '2024-04-23 07:19:43', '2024-04-23 07:19:43'),
(1318, 132, 7, 21, '2024-04-23 07:19:43', '2024-04-23 07:19:43'),
(1319, 132, 3, 10, '2024-04-23 07:19:43', '2024-04-23 07:19:43'),
(1320, 132, 6, 20, '2024-04-23 07:19:43', '2024-04-23 07:19:43'),
(1321, 133, 5, 18, '2024-04-23 07:19:43', '2024-04-23 07:19:43'),
(1322, 133, 8, 26, '2024-04-23 07:19:43', '2024-04-23 07:19:43'),
(1323, 133, 4, 12, '2024-04-23 07:19:43', '2024-04-23 07:19:43'),
(1324, 133, 1, 2, '2024-04-23 07:19:43', '2024-04-23 07:19:43'),
(1325, 133, 2, 5, '2024-04-23 07:19:43', '2024-04-23 07:19:43'),
(1326, 133, 10, 31, '2024-04-23 07:19:43', '2024-04-23 07:19:43'),
(1327, 133, 9, 27, '2024-04-23 07:19:43', '2024-04-23 07:19:43'),
(1328, 133, 7, 22, '2024-04-23 07:19:43', '2024-04-23 07:19:43'),
(1329, 133, 3, 10, '2024-04-23 07:19:43', '2024-04-23 07:19:43'),
(1330, 133, 6, 20, '2024-04-23 07:19:43', '2024-04-23 07:19:43'),
(1331, 134, 5, 17, '2024-04-23 07:19:43', '2024-04-23 07:19:43'),
(1332, 134, 8, 26, '2024-04-23 07:19:43', '2024-04-23 07:19:43'),
(1333, 134, 4, 13, '2024-04-23 07:19:43', '2024-04-23 07:19:43'),
(1334, 134, 1, 3, '2024-04-23 07:19:43', '2024-04-23 07:19:43'),
(1335, 134, 2, 5, '2024-04-23 07:19:43', '2024-04-23 07:19:43'),
(1336, 134, 10, 31, '2024-04-23 07:19:43', '2024-04-23 07:19:43'),
(1337, 134, 9, 28, '2024-04-23 07:19:43', '2024-04-23 07:19:43'),
(1338, 134, 7, 21, '2024-04-23 07:19:43', '2024-04-23 07:19:43'),
(1339, 134, 3, 10, '2024-04-23 07:19:43', '2024-04-23 07:19:43'),
(1340, 134, 6, 20, '2024-04-23 07:19:43', '2024-04-23 07:19:43'),
(1341, 135, 5, 17, '2024-04-23 07:19:43', '2024-04-23 07:19:43'),
(1342, 135, 8, 26, '2024-04-23 07:19:43', '2024-04-23 07:19:43'),
(1343, 135, 4, 12, '2024-04-23 07:19:43', '2024-04-23 07:19:43'),
(1344, 135, 1, 2, '2024-04-23 07:19:43', '2024-04-23 07:19:43'),
(1345, 135, 2, 5, '2024-04-23 07:19:43', '2024-04-23 07:19:43'),
(1346, 135, 10, 30, '2024-04-23 07:19:43', '2024-04-23 07:19:43'),
(1347, 135, 9, 27, '2024-04-23 07:19:43', '2024-04-23 07:19:43'),
(1348, 135, 7, 21, '2024-04-23 07:19:43', '2024-04-23 07:19:43'),
(1349, 135, 3, 10, '2024-04-23 07:19:43', '2024-04-23 07:19:43'),
(1350, 135, 6, 20, '2024-04-23 07:19:43', '2024-04-23 07:19:43'),
(1351, 136, 5, 15, '2024-04-23 07:19:43', '2024-04-23 07:19:43'),
(1352, 136, 8, 26, '2024-04-23 07:19:43', '2024-04-23 07:19:43'),
(1353, 136, 4, 13, '2024-04-23 07:19:43', '2024-04-23 07:19:43'),
(1354, 136, 1, 2, '2024-04-23 07:19:43', '2024-04-23 07:19:43'),
(1355, 136, 2, 6, '2024-04-23 07:19:43', '2024-04-23 07:19:43'),
(1356, 136, 10, 33, '2024-04-23 07:19:43', '2024-04-23 07:19:43'),
(1357, 136, 9, 27, '2024-04-23 07:19:43', '2024-04-23 07:19:43'),
(1358, 136, 7, 21, '2024-04-23 07:19:43', '2024-04-23 07:19:43'),
(1359, 136, 3, 10, '2024-04-23 07:19:43', '2024-04-23 07:19:43'),
(1360, 136, 6, 20, '2024-04-23 07:19:43', '2024-04-23 07:19:43'),
(1361, 137, 5, 17, '2024-04-23 07:19:43', '2024-04-23 07:19:43'),
(1362, 137, 8, 25, '2024-04-23 07:19:43', '2024-04-23 07:19:43'),
(1363, 137, 4, 13, '2024-04-23 07:19:43', '2024-04-23 07:19:43'),
(1364, 137, 1, 2, '2024-04-23 07:19:43', '2024-04-23 07:19:43'),
(1365, 137, 2, 6, '2024-04-23 07:19:43', '2024-04-23 07:19:43'),
(1366, 137, 10, 31, '2024-04-23 07:19:43', '2024-04-23 07:19:43'),
(1367, 137, 9, 27, '2024-04-23 07:19:43', '2024-04-23 07:19:43'),
(1368, 137, 7, 21, '2024-04-23 07:19:43', '2024-04-23 07:19:43'),
(1369, 137, 3, 10, '2024-04-23 07:19:43', '2024-04-23 07:19:43'),
(1370, 137, 6, 20, '2024-04-23 07:19:43', '2024-04-23 07:19:43'),
(1371, 138, 5, 17, '2024-04-23 07:19:43', '2024-04-23 07:19:43'),
(1372, 138, 8, 26, '2024-04-23 07:19:43', '2024-04-23 07:19:43'),
(1373, 138, 4, 14, '2024-04-23 07:19:43', '2024-04-23 07:19:43'),
(1374, 138, 1, 4, '2024-04-23 07:19:43', '2024-04-23 07:19:43'),
(1375, 138, 2, 5, '2024-04-23 07:19:43', '2024-04-23 07:19:43'),
(1376, 138, 10, 31, '2024-04-23 07:19:43', '2024-04-23 07:19:43'),
(1377, 138, 9, 27, '2024-04-23 07:19:43', '2024-04-23 07:19:43'),
(1378, 138, 7, 22, '2024-04-23 07:19:43', '2024-04-23 07:19:43'),
(1379, 138, 3, 10, '2024-04-23 07:19:43', '2024-04-23 07:19:43'),
(1380, 138, 6, 20, '2024-04-23 07:19:43', '2024-04-23 07:19:43'),
(1381, 139, 5, 16, '2024-04-23 07:19:43', '2024-04-23 07:19:43'),
(1382, 139, 8, 26, '2024-04-23 07:19:43', '2024-04-23 07:19:43'),
(1383, 139, 4, 13, '2024-04-23 07:19:43', '2024-04-23 07:19:43'),
(1384, 139, 1, 2, '2024-04-23 07:19:43', '2024-04-23 07:19:43'),
(1385, 139, 2, 5, '2024-04-23 07:19:43', '2024-04-23 07:19:43'),
(1386, 139, 10, 31, '2024-04-23 07:19:43', '2024-04-23 07:19:43'),
(1387, 139, 9, 27, '2024-04-23 07:19:43', '2024-04-23 07:19:43'),
(1388, 139, 7, 21, '2024-04-23 07:19:43', '2024-04-23 07:19:43'),
(1389, 139, 3, 10, '2024-04-23 07:19:43', '2024-04-23 07:19:43'),
(1390, 139, 6, 20, '2024-04-23 07:19:43', '2024-04-23 07:19:43'),
(1391, 140, 5, 17, '2024-04-23 07:19:43', '2024-04-23 07:19:43'),
(1392, 140, 8, 26, '2024-04-23 07:19:43', '2024-04-23 07:19:43'),
(1393, 140, 4, 12, '2024-04-23 07:19:43', '2024-04-23 07:19:43'),
(1394, 140, 1, 1, '2024-04-23 07:19:43', '2024-04-23 07:19:43'),
(1395, 140, 2, 5, '2024-04-23 07:19:43', '2024-04-23 07:19:43'),
(1396, 140, 10, 31, '2024-04-23 07:19:43', '2024-04-23 07:19:43'),
(1397, 140, 9, 27, '2024-04-23 07:19:43', '2024-04-23 07:19:43'),
(1398, 140, 7, 21, '2024-04-23 07:19:43', '2024-04-23 07:19:43'),
(1399, 140, 3, 10, '2024-04-23 07:19:43', '2024-04-23 07:19:43'),
(1400, 140, 6, 20, '2024-04-23 07:19:43', '2024-04-23 07:19:43'),
(1401, 141, 5, 18, '2024-04-23 07:19:43', '2024-04-23 07:19:43'),
(1402, 141, 8, 26, '2024-04-23 07:19:43', '2024-04-23 07:19:43'),
(1403, 141, 4, 14, '2024-04-23 07:19:43', '2024-04-23 07:19:43'),
(1404, 141, 1, 4, '2024-04-23 07:19:43', '2024-04-23 07:19:43'),
(1405, 141, 2, 5, '2024-04-23 07:19:43', '2024-04-23 07:19:43'),
(1406, 141, 10, 33, '2024-04-23 07:19:43', '2024-04-23 07:19:43'),
(1407, 141, 9, 27, '2024-04-23 07:19:43', '2024-04-23 07:19:43'),
(1408, 141, 7, 21, '2024-04-23 07:19:43', '2024-04-23 07:19:43'),
(1409, 141, 3, 10, '2024-04-23 07:19:43', '2024-04-23 07:19:43'),
(1410, 141, 6, 20, '2024-04-23 07:19:43', '2024-04-23 07:19:43'),
(1411, 142, 5, 18, '2024-04-23 07:19:43', '2024-04-23 07:19:43'),
(1412, 142, 8, 26, '2024-04-23 07:19:43', '2024-04-23 07:19:43'),
(1413, 142, 4, 14, '2024-04-23 07:19:43', '2024-04-23 07:19:43'),
(1414, 142, 1, 4, '2024-04-23 07:19:43', '2024-04-23 07:19:43'),
(1415, 142, 2, 6, '2024-04-23 07:19:43', '2024-04-23 07:19:43'),
(1416, 142, 10, 31, '2024-04-23 07:19:43', '2024-04-23 07:19:43'),
(1417, 142, 9, 28, '2024-04-23 07:19:43', '2024-04-23 07:19:43'),
(1418, 142, 7, 22, '2024-04-23 07:19:43', '2024-04-23 07:19:43'),
(1419, 142, 3, 10, '2024-04-23 07:19:43', '2024-04-23 07:19:43'),
(1420, 142, 6, 20, '2024-04-23 07:19:43', '2024-04-23 07:19:43'),
(1421, 143, 5, 15, '2024-04-23 07:19:43', '2024-04-23 07:19:43'),
(1422, 143, 8, 24, '2024-04-23 07:19:43', '2024-04-23 07:19:43'),
(1423, 143, 4, 13, '2024-04-23 07:19:43', '2024-04-23 07:19:43'),
(1424, 143, 1, 3, '2024-04-23 07:19:43', '2024-04-23 07:19:43'),
(1425, 143, 2, 6, '2024-04-23 07:19:43', '2024-04-23 07:19:43'),
(1426, 143, 10, 32, '2024-04-23 07:19:43', '2024-04-23 07:19:43'),
(1427, 143, 9, 27, '2024-04-23 07:19:43', '2024-04-23 07:19:43'),
(1428, 143, 7, 21, '2024-04-23 07:19:43', '2024-04-23 07:19:43'),
(1429, 143, 3, 10, '2024-04-23 07:19:43', '2024-04-23 07:19:43'),
(1430, 143, 6, 20, '2024-04-23 07:19:43', '2024-04-23 07:19:43'),
(1431, 144, 5, 15, '2024-04-23 07:19:43', '2024-04-23 07:19:43'),
(1432, 144, 8, 24, '2024-04-23 07:19:43', '2024-04-23 07:19:43'),
(1433, 144, 4, 13, '2024-04-23 07:19:43', '2024-04-23 07:19:43'),
(1434, 144, 1, 2, '2024-04-23 07:19:43', '2024-04-23 07:19:43'),
(1435, 144, 2, 5, '2024-04-23 07:19:43', '2024-04-23 07:19:43'),
(1436, 144, 10, 31, '2024-04-23 07:19:43', '2024-04-23 07:19:43'),
(1437, 144, 9, 27, '2024-04-23 07:19:43', '2024-04-23 07:19:43'),
(1438, 144, 7, 21, '2024-04-23 07:19:43', '2024-04-23 07:19:43'),
(1439, 144, 3, 10, '2024-04-23 07:19:43', '2024-04-23 07:19:43'),
(1440, 144, 6, 20, '2024-04-23 07:19:43', '2024-04-23 07:19:43'),
(1441, 145, 5, 15, '2024-04-23 07:19:43', '2024-04-23 07:19:43'),
(1442, 145, 8, 24, '2024-04-23 07:19:43', '2024-04-23 07:19:43'),
(1443, 145, 4, 13, '2024-04-23 07:19:43', '2024-04-23 07:19:43'),
(1444, 145, 1, 1, '2024-04-23 07:19:43', '2024-04-23 07:19:43'),
(1445, 145, 2, 5, '2024-04-23 07:19:43', '2024-04-23 07:19:43'),
(1446, 145, 10, 31, '2024-04-23 07:19:43', '2024-04-23 07:19:43'),
(1447, 145, 9, 27, '2024-04-23 07:19:43', '2024-04-23 07:19:43'),
(1448, 145, 7, 22, '2024-04-23 07:19:43', '2024-04-23 07:19:43'),
(1449, 145, 3, 10, '2024-04-23 07:19:43', '2024-04-23 07:19:43'),
(1450, 145, 6, 20, '2024-04-23 07:19:43', '2024-04-23 07:19:43'),
(1451, 146, 5, 15, '2024-04-23 07:19:43', '2024-04-23 07:19:43'),
(1452, 146, 8, 26, '2024-04-23 07:19:43', '2024-04-23 07:19:43'),
(1453, 146, 4, 13, '2024-04-23 07:19:43', '2024-04-23 07:19:43'),
(1454, 146, 1, 3, '2024-04-23 07:19:43', '2024-04-23 07:19:43'),
(1455, 146, 2, 7, '2024-04-23 07:19:43', '2024-04-23 07:19:43'),
(1456, 146, 10, 32, '2024-04-23 07:19:43', '2024-04-23 07:19:43'),
(1457, 146, 9, 27, '2024-04-23 07:19:43', '2024-04-23 07:19:43'),
(1458, 146, 7, 21, '2024-04-23 07:19:43', '2024-04-23 07:19:43'),
(1459, 146, 3, 10, '2024-04-23 07:19:43', '2024-04-23 07:19:43'),
(1460, 146, 6, 20, '2024-04-23 07:19:43', '2024-04-23 07:19:43'),
(1461, 147, 5, 17, '2024-04-23 07:19:43', '2024-04-23 07:19:43'),
(1462, 147, 8, 24, '2024-04-23 07:19:43', '2024-04-23 07:19:43'),
(1463, 147, 4, 12, '2024-04-23 07:19:43', '2024-04-23 07:19:43'),
(1464, 147, 1, 1, '2024-04-23 07:19:43', '2024-04-23 07:19:43'),
(1465, 147, 2, 5, '2024-04-23 07:19:43', '2024-04-23 07:19:43'),
(1466, 147, 10, 31, '2024-04-23 07:19:43', '2024-04-23 07:19:43'),
(1467, 147, 9, 28, '2024-04-23 07:19:43', '2024-04-23 07:19:43'),
(1468, 147, 7, 22, '2024-04-23 07:19:43', '2024-04-23 07:19:43'),
(1469, 147, 3, 10, '2024-04-23 07:19:43', '2024-04-23 07:19:43'),
(1470, 147, 6, 20, '2024-04-23 07:19:43', '2024-04-23 07:19:43'),
(1471, 148, 5, 18, '2024-04-23 07:19:43', '2024-04-23 07:19:43'),
(1472, 148, 8, 26, '2024-04-23 07:19:43', '2024-04-23 07:19:43'),
(1473, 148, 4, 14, '2024-04-23 07:19:43', '2024-04-23 07:19:43'),
(1474, 148, 1, 4, '2024-04-23 07:19:43', '2024-04-23 07:19:43'),
(1475, 148, 2, 5, '2024-04-23 07:19:43', '2024-04-23 07:19:43'),
(1476, 148, 10, 32, '2024-04-23 07:19:43', '2024-04-23 07:19:43'),
(1477, 148, 9, 27, '2024-04-23 07:19:43', '2024-04-23 07:19:43'),
(1478, 148, 7, 22, '2024-04-23 07:19:43', '2024-04-23 07:19:43'),
(1479, 148, 3, 10, '2024-04-23 07:19:43', '2024-04-23 07:19:43'),
(1480, 148, 6, 20, '2024-04-23 07:19:43', '2024-04-23 07:19:43'),
(1481, 149, 5, 17, '2024-04-23 07:19:43', '2024-04-23 07:19:43'),
(1482, 149, 8, 24, '2024-04-23 07:19:43', '2024-04-23 07:19:43'),
(1483, 149, 4, 13, '2024-04-23 07:19:43', '2024-04-23 07:19:43'),
(1484, 149, 1, 2, '2024-04-23 07:19:43', '2024-04-23 07:19:43'),
(1485, 149, 2, 5, '2024-04-23 07:19:43', '2024-04-23 07:19:43'),
(1486, 149, 10, 31, '2024-04-23 07:19:43', '2024-04-23 07:19:43'),
(1487, 149, 9, 27, '2024-04-23 07:19:43', '2024-04-23 07:19:43'),
(1488, 149, 7, 22, '2024-04-23 07:19:43', '2024-04-23 07:19:43'),
(1489, 149, 3, 10, '2024-04-23 07:19:43', '2024-04-23 07:19:43'),
(1490, 149, 6, 20, '2024-04-23 07:19:43', '2024-04-23 07:19:43'),
(1491, 150, 5, 18, '2024-04-23 07:19:43', '2024-04-23 07:19:43'),
(1492, 150, 8, 26, '2024-04-23 07:19:43', '2024-04-23 07:19:43'),
(1493, 150, 4, 14, '2024-04-23 07:19:43', '2024-04-23 07:19:43'),
(1494, 150, 1, 4, '2024-04-23 07:19:43', '2024-04-23 07:19:43'),
(1495, 150, 2, 5, '2024-04-23 07:19:43', '2024-04-23 07:19:43'),
(1496, 150, 10, 32, '2024-04-23 07:19:43', '2024-04-23 07:19:43'),
(1497, 150, 9, 27, '2024-04-23 07:19:43', '2024-04-23 07:19:43'),
(1498, 150, 7, 22, '2024-04-23 07:19:43', '2024-04-23 07:19:43'),
(1499, 150, 3, 10, '2024-04-23 07:19:43', '2024-04-23 07:19:43'),
(1500, 150, 6, 20, '2024-04-23 07:19:43', '2024-04-23 07:19:43'),
(1501, 151, 5, 18, '2024-04-23 07:19:43', '2024-04-23 07:19:43'),
(1502, 151, 8, 26, '2024-04-23 07:19:43', '2024-04-23 07:19:43'),
(1503, 151, 4, 14, '2024-04-23 07:19:43', '2024-04-23 07:19:43'),
(1504, 151, 1, 4, '2024-04-23 07:19:43', '2024-04-23 07:19:43'),
(1505, 151, 2, 5, '2024-04-23 07:19:43', '2024-04-23 07:19:43'),
(1506, 151, 10, 32, '2024-04-23 07:19:43', '2024-04-23 07:19:43'),
(1507, 151, 9, 27, '2024-04-23 07:19:43', '2024-04-23 07:19:43'),
(1508, 151, 7, 22, '2024-04-23 07:19:43', '2024-04-23 07:19:43'),
(1509, 151, 3, 10, '2024-04-23 07:19:43', '2024-04-23 07:19:43'),
(1510, 151, 6, 20, '2024-04-23 07:19:43', '2024-04-23 07:19:43'),
(1511, 152, 5, 18, '2024-04-23 07:19:43', '2024-04-23 07:19:43'),
(1512, 152, 8, 26, '2024-04-23 07:19:43', '2024-04-23 07:19:43'),
(1513, 152, 4, 14, '2024-04-23 07:19:43', '2024-04-23 07:19:43'),
(1514, 152, 1, 4, '2024-04-23 07:19:43', '2024-04-23 07:19:43'),
(1515, 152, 2, 5, '2024-04-23 07:19:43', '2024-04-23 07:19:43'),
(1516, 152, 10, 31, '2024-04-23 07:19:43', '2024-04-23 07:19:43'),
(1517, 152, 9, 27, '2024-04-23 07:19:43', '2024-04-23 07:19:43'),
(1518, 152, 7, 22, '2024-04-23 07:19:43', '2024-04-23 07:19:43'),
(1519, 152, 3, 10, '2024-04-23 07:19:43', '2024-04-23 07:19:43'),
(1520, 152, 6, 20, '2024-04-23 07:19:43', '2024-04-23 07:19:43'),
(1521, 153, 5, 17, '2024-04-23 07:19:43', '2024-04-23 07:19:43'),
(1522, 153, 8, 26, '2024-04-23 07:19:43', '2024-04-23 07:19:43'),
(1523, 153, 4, 14, '2024-04-23 07:19:43', '2024-04-23 07:19:43'),
(1524, 153, 1, 4, '2024-04-23 07:19:43', '2024-04-23 07:19:43'),
(1525, 153, 2, 5, '2024-04-23 07:19:43', '2024-04-23 07:19:43'),
(1526, 153, 10, 31, '2024-04-23 07:19:43', '2024-04-23 07:19:43'),
(1527, 153, 9, 27, '2024-04-23 07:19:43', '2024-04-23 07:19:43'),
(1528, 153, 7, 22, '2024-04-23 07:19:43', '2024-04-23 07:19:43'),
(1529, 153, 3, 10, '2024-04-23 07:19:43', '2024-04-23 07:19:43'),
(1530, 153, 6, 20, '2024-04-23 07:19:43', '2024-04-23 07:19:43'),
(1531, 154, 5, 15, '2024-04-23 07:19:43', '2024-04-23 07:19:43'),
(1532, 154, 8, 23, '2024-04-23 07:19:43', '2024-04-23 07:19:43'),
(1533, 154, 4, 13, '2024-04-23 07:19:43', '2024-04-23 07:19:43'),
(1534, 154, 1, 2, '2024-04-23 07:19:43', '2024-04-23 07:19:43'),
(1535, 154, 2, 5, '2024-04-23 07:19:43', '2024-04-23 07:19:43'),
(1536, 154, 10, 31, '2024-04-23 07:19:43', '2024-04-23 07:19:43'),
(1537, 154, 9, 27, '2024-04-23 07:19:43', '2024-04-23 07:19:43'),
(1538, 154, 7, 21, '2024-04-23 07:19:43', '2024-04-23 07:19:43'),
(1539, 154, 3, 10, '2024-04-23 07:19:43', '2024-04-23 07:19:43'),
(1540, 154, 6, 20, '2024-04-23 07:19:43', '2024-04-23 07:19:43'),
(1541, 155, 5, 18, '2024-04-23 07:19:43', '2024-04-23 07:19:43'),
(1542, 155, 8, 26, '2024-04-23 07:19:43', '2024-04-23 07:19:43'),
(1543, 155, 4, 14, '2024-04-23 07:19:43', '2024-04-23 07:19:43'),
(1544, 155, 1, 4, '2024-04-23 07:19:43', '2024-04-23 07:19:43'),
(1545, 155, 2, 5, '2024-04-23 07:19:43', '2024-04-23 07:19:43'),
(1546, 155, 10, 31, '2024-04-23 07:19:43', '2024-04-23 07:19:43'),
(1547, 155, 9, 27, '2024-04-23 07:19:43', '2024-04-23 07:19:43'),
(1548, 155, 7, 21, '2024-04-23 07:19:43', '2024-04-23 07:19:43'),
(1549, 155, 3, 10, '2024-04-23 07:19:43', '2024-04-23 07:19:43'),
(1550, 155, 6, 20, '2024-04-23 07:19:43', '2024-04-23 07:19:43'),
(1551, 156, 5, 18, '2024-04-23 07:19:43', '2024-04-23 07:19:43'),
(1552, 156, 8, 26, '2024-04-23 07:19:43', '2024-04-23 07:19:43'),
(1553, 156, 4, 14, '2024-04-23 07:19:43', '2024-04-23 07:19:43'),
(1554, 156, 1, 4, '2024-04-23 07:19:43', '2024-04-23 07:19:43'),
(1555, 156, 2, 5, '2024-04-23 07:19:43', '2024-04-23 07:19:43'),
(1556, 156, 10, 32, '2024-04-23 07:19:43', '2024-04-23 07:19:43'),
(1557, 156, 9, 27, '2024-04-23 07:19:43', '2024-04-23 07:19:43'),
(1558, 156, 7, 22, '2024-04-23 07:19:43', '2024-04-23 07:19:43'),
(1559, 156, 3, 10, '2024-04-23 07:19:43', '2024-04-23 07:19:43'),
(1560, 156, 6, 20, '2024-04-23 07:19:43', '2024-04-23 07:19:43'),
(1561, 157, 5, 15, '2024-04-23 07:19:43', '2024-04-23 07:19:43'),
(1562, 157, 8, 23, '2024-04-23 07:19:43', '2024-04-23 07:19:43'),
(1563, 157, 4, 13, '2024-04-23 07:19:43', '2024-04-23 07:19:43'),
(1564, 157, 1, 2, '2024-04-23 07:19:43', '2024-04-23 07:19:43'),
(1565, 157, 2, 5, '2024-04-23 07:19:43', '2024-04-23 07:19:43'),
(1566, 157, 10, 31, '2024-04-23 07:19:43', '2024-04-23 07:19:43'),
(1567, 157, 9, 27, '2024-04-23 07:19:43', '2024-04-23 07:19:43'),
(1568, 157, 7, 21, '2024-04-23 07:19:43', '2024-04-23 07:19:43'),
(1569, 157, 3, 10, '2024-04-23 07:19:43', '2024-04-23 07:19:43'),
(1570, 157, 6, 20, '2024-04-23 07:19:43', '2024-04-23 07:19:43'),
(1571, 158, 5, 15, '2024-04-23 07:19:43', '2024-04-23 07:19:43'),
(1572, 158, 8, 23, '2024-04-23 07:19:43', '2024-04-23 07:19:43'),
(1573, 158, 4, 13, '2024-04-23 07:19:43', '2024-04-23 07:19:43'),
(1574, 158, 1, 3, '2024-04-23 07:19:43', '2024-04-23 07:19:43'),
(1575, 158, 2, 6, '2024-04-23 07:19:43', '2024-04-23 07:19:43'),
(1576, 158, 10, 33, '2024-04-23 07:19:43', '2024-04-23 07:19:43'),
(1577, 158, 9, 28, '2024-04-23 07:19:43', '2024-04-23 07:19:43'),
(1578, 158, 7, 21, '2024-04-23 07:19:43', '2024-04-23 07:19:43'),
(1579, 158, 3, 10, '2024-04-23 07:19:43', '2024-04-23 07:19:43'),
(1580, 158, 6, 20, '2024-04-23 07:19:43', '2024-04-23 07:19:43'),
(1581, 159, 5, 18, '2024-04-23 07:19:43', '2024-04-23 07:19:43'),
(1582, 159, 8, 26, '2024-04-23 07:19:43', '2024-04-23 07:19:43'),
(1583, 159, 4, 14, '2024-04-23 07:19:43', '2024-04-23 07:19:43'),
(1584, 159, 1, 4, '2024-04-23 07:19:43', '2024-04-23 07:19:43'),
(1585, 159, 2, 5, '2024-04-23 07:19:43', '2024-04-23 07:19:43'),
(1586, 159, 10, 31, '2024-04-23 07:19:43', '2024-04-23 07:19:43'),
(1587, 159, 9, 27, '2024-04-23 07:19:43', '2024-04-23 07:19:43'),
(1588, 159, 7, 22, '2024-04-23 07:19:43', '2024-04-23 07:19:43'),
(1589, 159, 3, 10, '2024-04-23 07:19:43', '2024-04-23 07:19:43'),
(1590, 159, 6, 20, '2024-04-23 07:19:43', '2024-04-23 07:19:43'),
(1851, 196, 1, 4, '2024-04-25 22:55:29', '2024-04-25 22:55:29'),
(1852, 196, 2, 5, '2024-04-25 22:55:29', '2024-04-25 22:55:29'),
(1853, 196, 3, 10, '2024-04-25 22:55:29', '2024-04-25 22:55:29'),
(1854, 196, 4, 14, '2024-04-25 22:55:29', '2024-04-25 22:55:29'),
(1855, 196, 5, 15, '2024-04-25 22:55:29', '2024-04-25 22:55:29');
INSERT INTO `penilaian` (`id`, `masyarakat_id`, `kriteria_id`, `sub_kriteria_id`, `created_at`, `updated_at`) VALUES
(1856, 196, 6, 20, '2024-04-25 22:55:29', '2024-04-25 22:55:29'),
(1857, 196, 7, 21, '2024-04-25 22:55:29', '2024-04-25 22:55:29'),
(1858, 196, 8, 26, '2024-04-25 22:55:29', '2024-04-25 22:55:29'),
(1859, 196, 9, 27, '2024-04-25 22:55:29', '2024-04-25 22:55:29'),
(1860, 196, 10, 33, '2024-04-25 22:55:29', '2024-04-25 22:55:29'),
(1861, 197, 1, 2, '2024-04-25 22:55:29', '2024-04-25 22:55:29'),
(1862, 197, 2, 5, '2024-04-25 22:55:29', '2024-04-25 22:55:29'),
(1863, 197, 3, 10, '2024-04-25 22:55:29', '2024-04-25 22:55:29'),
(1864, 197, 4, 13, '2024-04-25 22:55:29', '2024-04-25 22:55:29'),
(1865, 197, 5, 16, '2024-04-25 22:55:29', '2024-04-25 22:55:29'),
(1866, 197, 6, 20, '2024-04-25 22:55:29', '2024-04-25 22:55:29'),
(1867, 197, 7, 21, '2024-04-25 22:55:29', '2024-04-25 22:55:29'),
(1868, 197, 8, 24, '2024-04-25 22:55:29', '2024-04-25 22:55:29'),
(1869, 197, 9, 27, '2024-04-25 22:55:29', '2024-04-25 22:55:29'),
(1870, 197, 10, 31, '2024-04-25 22:55:29', '2024-04-25 22:55:29'),
(1871, 198, 1, 2, '2024-04-25 22:55:29', '2024-04-25 22:55:29'),
(1872, 198, 2, 6, '2024-04-25 22:55:29', '2024-04-25 22:55:29'),
(1873, 198, 3, 10, '2024-04-25 22:55:29', '2024-04-25 22:55:29'),
(1874, 198, 4, 13, '2024-04-25 22:55:29', '2024-04-25 22:55:29'),
(1875, 198, 5, 16, '2024-04-25 22:55:29', '2024-04-25 22:55:29'),
(1876, 198, 6, 20, '2024-04-25 22:55:29', '2024-04-25 22:55:29'),
(1877, 198, 7, 21, '2024-04-25 22:55:29', '2024-04-25 22:55:29'),
(1878, 198, 8, 23, '2024-04-25 22:55:29', '2024-04-25 22:55:29'),
(1879, 198, 9, 28, '2024-04-25 22:55:29', '2024-04-25 22:55:29'),
(1880, 198, 10, 31, '2024-04-25 22:55:29', '2024-04-25 22:55:29'),
(1881, 199, 1, 1, '2024-04-25 22:55:29', '2024-04-25 22:55:29'),
(1882, 199, 2, 5, '2024-04-25 22:55:29', '2024-04-25 22:55:29'),
(1883, 199, 3, 10, '2024-04-25 22:55:29', '2024-04-25 22:55:29'),
(1884, 199, 4, 12, '2024-04-25 22:55:29', '2024-04-25 22:55:29'),
(1885, 199, 5, 17, '2024-04-25 22:55:29', '2024-04-25 22:55:29'),
(1886, 199, 6, 20, '2024-04-25 22:55:29', '2024-04-25 22:55:29'),
(1887, 199, 7, 22, '2024-04-25 22:55:29', '2024-04-25 22:55:29'),
(1888, 199, 8, 24, '2024-04-25 22:55:29', '2024-04-25 22:55:29'),
(1889, 199, 9, 27, '2024-04-25 22:55:29', '2024-04-25 22:55:29'),
(1890, 199, 10, 31, '2024-04-25 22:55:29', '2024-04-25 22:55:29'),
(1891, 200, 1, 4, '2024-04-25 22:55:29', '2024-04-25 22:55:29'),
(1892, 200, 2, 5, '2024-04-25 22:55:29', '2024-04-25 22:55:29'),
(1893, 200, 3, 10, '2024-04-25 22:55:29', '2024-04-25 22:55:29'),
(1894, 200, 4, 14, '2024-04-25 22:55:29', '2024-04-25 22:55:29'),
(1895, 200, 5, 18, '2024-04-25 22:55:29', '2024-04-25 22:55:29'),
(1896, 200, 6, 20, '2024-04-25 22:55:29', '2024-04-25 22:55:29'),
(1897, 200, 7, 21, '2024-04-25 22:55:29', '2024-04-25 22:55:29'),
(1898, 200, 8, 26, '2024-04-25 22:55:29', '2024-04-25 22:55:29'),
(1899, 200, 9, 27, '2024-04-25 22:55:29', '2024-04-25 22:55:29'),
(1900, 200, 10, 32, '2024-04-25 22:55:29', '2024-04-25 22:55:29');

-- --------------------------------------------------------

--
-- Struktur dari tabel `personal_access_tokens`
--

CREATE TABLE `personal_access_tokens` (
  `id` bigint(20) UNSIGNED NOT NULL,
  `tokenable_type` varchar(255) NOT NULL,
  `tokenable_id` bigint(20) UNSIGNED NOT NULL,
  `name` varchar(255) NOT NULL,
  `token` varchar(64) NOT NULL,
  `abilities` text DEFAULT NULL,
  `last_used_at` timestamp NULL DEFAULT NULL,
  `expires_at` timestamp NULL DEFAULT NULL,
  `created_at` timestamp NULL DEFAULT NULL,
  `updated_at` timestamp NULL DEFAULT NULL
) ENGINE=InnoDB DEFAULT CHARSET=utf8mb4 COLLATE=utf8mb4_unicode_ci;

-- --------------------------------------------------------

--
-- Struktur dari tabel `sub_kriteria`
--

CREATE TABLE `sub_kriteria` (
  `id` bigint(20) UNSIGNED NOT NULL,
  `kriteria_id` bigint(20) UNSIGNED NOT NULL,
  `nama` varchar(255) NOT NULL,
  `nilai` double(8,4) DEFAULT NULL,
  `created_at` timestamp NULL DEFAULT NULL,
  `updated_at` timestamp NULL DEFAULT NULL
) ENGINE=InnoDB DEFAULT CHARSET=utf8mb4 COLLATE=utf8mb4_unicode_ci;

--
-- Dumping data untuk tabel `sub_kriteria`
--

INSERT INTO `sub_kriteria` (`id`, `kriteria_id`, `nama`, `nilai`, `created_at`, `updated_at`) VALUES
(1, 1, '> 2.000.000', 0.5208, '2024-04-23 07:19:40', '2024-04-23 07:19:40'),
(2, 1, '1.000.000 - 2.000.000', 0.2708, '2024-04-23 07:19:40', '2024-04-23 07:19:40'),
(3, 1, '500.000 - 1.000.000', 0.1458, '2024-04-23 07:19:40', '2024-04-23 07:19:40'),
(4, 1, '< 500.000', 0.0625, '2024-04-23 07:19:40', '2024-04-23 07:19:40'),
(5, 2, 'Permanen', 0.5208, '2024-04-23 07:19:40', '2024-04-23 07:19:40'),
(6, 2, 'Semi Permanen', 0.2708, '2024-04-23 07:19:40', '2024-04-23 07:19:40'),
(7, 2, 'Rumah Panggung', 0.1458, '2024-04-23 07:19:40', '2024-04-23 07:19:40'),
(8, 2, 'Anyaman Bambu', 0.0625, '2024-04-23 07:19:40', '2024-04-23 07:19:40'),
(9, 3, 'Ya', 0.7500, '2024-04-23 07:19:40', '2024-04-23 07:19:40'),
(10, 3, 'Tidak', 0.2500, '2024-04-23 07:19:40', '2024-04-23 07:19:40'),
(11, 4, 'PNS/TNI', 0.5208, '2024-04-23 07:19:40', '2024-04-23 07:19:40'),
(12, 4, 'Wiraswasta/Pegawai Swasta', 0.2708, '2024-04-23 07:19:40', '2024-04-23 07:19:40'),
(13, 4, 'Petani/Buruh', 0.1458, '2024-04-23 07:19:40', '2024-04-23 07:19:40'),
(14, 4, 'Tidak Bekerja', 0.0625, '2024-04-23 07:19:40', '2024-04-23 07:19:40'),
(15, 5, '> 50 Tahun', 0.5208, '2024-04-23 07:19:40', '2024-04-23 07:19:40'),
(16, 5, '36 - 50 Tahun', 0.2708, '2024-04-23 07:19:40', '2024-04-23 07:19:40'),
(17, 5, '26 - 35 Tahun', 0.1458, '2024-04-23 07:19:40', '2024-04-23 07:19:40'),
(18, 5, '<= 25 Tahun', 0.0625, '2024-04-23 07:19:40', '2024-04-23 07:19:40'),
(19, 6, 'Ya', 0.7500, '2024-04-23 07:19:40', '2024-04-23 07:19:40'),
(20, 6, 'Tidak', 0.2500, '2024-04-23 07:19:40', '2024-04-23 07:19:40'),
(21, 7, 'Ya', 0.7500, '2024-04-23 07:19:40', '2024-04-23 07:19:40'),
(22, 7, 'Tidak', 0.2500, '2024-04-23 07:19:40', '2024-04-23 07:19:40'),
(23, 8, '> 5 Tanggungan', 0.5208, '2024-04-23 07:19:40', '2024-04-23 07:19:40'),
(24, 8, '3 - 4 Tanggungan', 0.2708, '2024-04-23 07:19:40', '2024-04-23 07:19:40'),
(25, 8, '1 - 2 Tanggungan', 0.1458, '2024-04-23 07:19:40', '2024-04-23 07:19:40'),
(26, 8, 'Tidak Ada Tanggungan', 0.0625, '2024-04-23 07:19:40', '2024-04-23 07:19:40'),
(27, 9, 'Air Sumur', 0.6111, '2024-04-23 07:19:40', '2024-04-23 07:19:40'),
(28, 9, 'PDAM', 0.2778, '2024-04-23 07:19:40', '2024-04-23 07:19:40'),
(29, 9, 'Air Sungai', 0.1111, '2024-04-23 07:19:40', '2024-04-23 07:19:40'),
(30, 10, 'Sarjana', 0.5208, '2024-04-23 07:19:40', '2024-04-23 07:19:40'),
(31, 10, 'SMA', 0.2708, '2024-04-23 07:19:40', '2024-04-23 07:19:40'),
(32, 10, 'SD/SMP', 0.1458, '2024-04-23 07:19:40', '2024-04-23 07:19:40'),
(33, 10, 'Tidak Sekolah', 0.0625, '2024-04-23 07:19:40', '2024-04-23 07:19:40');

-- --------------------------------------------------------

--
-- Struktur dari tabel `users`
--

CREATE TABLE `users` (
  `id` bigint(20) UNSIGNED NOT NULL,
  `name` varchar(255) NOT NULL,
  `email` varchar(255) NOT NULL,
  `email_verified_at` timestamp NULL DEFAULT NULL,
  `password` varchar(255) NOT NULL,
  `remember_token` varchar(100) DEFAULT NULL,
  `created_at` timestamp NULL DEFAULT NULL,
  `updated_at` timestamp NULL DEFAULT NULL
) ENGINE=InnoDB DEFAULT CHARSET=utf8mb4 COLLATE=utf8mb4_unicode_ci;

--
-- Dumping data untuk tabel `users`
--

INSERT INTO `users` (`id`, `name`, `email`, `email_verified_at`, `password`, `remember_token`, `created_at`, `updated_at`) VALUES
(1, 'Admin', 'admin@gmail.com', NULL, '$2y$10$G6d5tnfBH9af/53v1nxLEe1eb4jlH6hTee2ZrUurAju6PriTSGGpq', 'xB2hmBnaC3qeHb8WIL6aHZNblVAqwe7kMMYcHh3JLRBRPiFc5Sj1jUHm9U83', '2024-04-23 07:19:40', '2024-04-25 23:04:35');

--
-- Indexes for dumped tables
--

--
-- Indeks untuk tabel `failed_jobs`
--
ALTER TABLE `failed_jobs`
  ADD PRIMARY KEY (`id`),
  ADD UNIQUE KEY `failed_jobs_uuid_unique` (`uuid`);

--
-- Indeks untuk tabel `kriteria`
--
ALTER TABLE `kriteria`
  ADD PRIMARY KEY (`id`),
  ADD UNIQUE KEY `kriteria_kode_unique` (`kode`);

--
-- Indeks untuk tabel `masyarakat`
--
ALTER TABLE `masyarakat`
  ADD PRIMARY KEY (`id`);

--
-- Indeks untuk tabel `migrations`
--
ALTER TABLE `migrations`
  ADD PRIMARY KEY (`id`);

--
-- Indeks untuk tabel `password_reset_tokens`
--
ALTER TABLE `password_reset_tokens`
  ADD PRIMARY KEY (`email`);

--
-- Indeks untuk tabel `penilaian`
--
ALTER TABLE `penilaian`
  ADD PRIMARY KEY (`id`),
  ADD KEY `penilaian_masyarakat_id_foreign` (`masyarakat_id`),
  ADD KEY `penilaian_kriteria_id_foreign` (`kriteria_id`),
  ADD KEY `penilaian_sub_kriteria_id_foreign` (`sub_kriteria_id`);

--
-- Indeks untuk tabel `personal_access_tokens`
--
ALTER TABLE `personal_access_tokens`
  ADD PRIMARY KEY (`id`),
  ADD UNIQUE KEY `personal_access_tokens_token_unique` (`token`),
  ADD KEY `personal_access_tokens_tokenable_type_tokenable_id_index` (`tokenable_type`,`tokenable_id`);

--
-- Indeks untuk tabel `sub_kriteria`
--
ALTER TABLE `sub_kriteria`
  ADD PRIMARY KEY (`id`),
  ADD KEY `sub_kriteria_kriteria_id_foreign` (`kriteria_id`);

--
-- Indeks untuk tabel `users`
--
ALTER TABLE `users`
  ADD PRIMARY KEY (`id`),
  ADD UNIQUE KEY `users_email_unique` (`email`);

--
-- AUTO_INCREMENT untuk tabel yang dibuang
--

--
-- AUTO_INCREMENT untuk tabel `failed_jobs`
--
ALTER TABLE `failed_jobs`
  MODIFY `id` bigint(20) UNSIGNED NOT NULL AUTO_INCREMENT;

--
-- AUTO_INCREMENT untuk tabel `kriteria`
--
ALTER TABLE `kriteria`
  MODIFY `id` bigint(20) UNSIGNED NOT NULL AUTO_INCREMENT, AUTO_INCREMENT=13;

--
-- AUTO_INCREMENT untuk tabel `masyarakat`
--
ALTER TABLE `masyarakat`
  MODIFY `id` bigint(20) UNSIGNED NOT NULL AUTO_INCREMENT, AUTO_INCREMENT=201;

--
-- AUTO_INCREMENT untuk tabel `migrations`
--
ALTER TABLE `migrations`
  MODIFY `id` int(10) UNSIGNED NOT NULL AUTO_INCREMENT, AUTO_INCREMENT=9;

--
-- AUTO_INCREMENT untuk tabel `penilaian`
--
ALTER TABLE `penilaian`
  MODIFY `id` bigint(20) UNSIGNED NOT NULL AUTO_INCREMENT, AUTO_INCREMENT=1901;

--
-- AUTO_INCREMENT untuk tabel `personal_access_tokens`
--
ALTER TABLE `personal_access_tokens`
  MODIFY `id` bigint(20) UNSIGNED NOT NULL AUTO_INCREMENT;

--
-- AUTO_INCREMENT untuk tabel `sub_kriteria`
--
ALTER TABLE `sub_kriteria`
  MODIFY `id` bigint(20) UNSIGNED NOT NULL AUTO_INCREMENT, AUTO_INCREMENT=34;

--
-- AUTO_INCREMENT untuk tabel `users`
--
ALTER TABLE `users`
  MODIFY `id` bigint(20) UNSIGNED NOT NULL AUTO_INCREMENT, AUTO_INCREMENT=2;

--
-- Ketidakleluasaan untuk tabel pelimpahan (Dumped Tables)
--

--
-- Ketidakleluasaan untuk tabel `penilaian`
--
ALTER TABLE `penilaian`
  ADD CONSTRAINT `penilaian_kriteria_id_foreign` FOREIGN KEY (`kriteria_id`) REFERENCES `kriteria` (`id`) ON DELETE CASCADE ON UPDATE CASCADE,
  ADD CONSTRAINT `penilaian_masyarakat_id_foreign` FOREIGN KEY (`masyarakat_id`) REFERENCES `masyarakat` (`id`) ON DELETE CASCADE ON UPDATE CASCADE,
  ADD CONSTRAINT `penilaian_sub_kriteria_id_foreign` FOREIGN KEY (`sub_kriteria_id`) REFERENCES `sub_kriteria` (`id`) ON DELETE CASCADE ON UPDATE CASCADE;

--
-- Ketidakleluasaan untuk tabel `sub_kriteria`
--
ALTER TABLE `sub_kriteria`
  ADD CONSTRAINT `sub_kriteria_kriteria_id_foreign` FOREIGN KEY (`kriteria_id`) REFERENCES `kriteria` (`id`) ON DELETE CASCADE ON UPDATE CASCADE;
COMMIT;

/*!40101 SET CHARACTER_SET_CLIENT=@OLD_CHARACTER_SET_CLIENT */;
/*!40101 SET CHARACTER_SET_RESULTS=@OLD_CHARACTER_SET_RESULTS */;
/*!40101 SET COLLATION_CONNECTION=@OLD_COLLATION_CONNECTION */;
